filter,feature_class,feature,Feature_name,mae,rank
lbp-2D,firstorder,10Percentile,lbp-2D_firstorder_10Percentile,NA,NA
lbp-2D,firstorder,90Percentile,lbp-2D_firstorder_90Percentile,NA,NA
lbp-2D,firstorder,Energy,lbp-2D_firstorder_Energy,0.0012259337797358128,4
lbp-2D,firstorder,Entropy,lbp-2D_firstorder_Entropy,NA,NA
lbp-2D,firstorder,InterquartileRange,lbp-2D_firstorder_InterquartileRange,0.153517810851311,74
lbp-2D,firstorder,Kurtosis,lbp-2D_firstorder_Kurtosis,0.3378229728642274,320
lbp-2D,firstorder,Maximum,lbp-2D_firstorder_Maximum,NA,NA
lbp-2D,firstorder,Mean,lbp-2D_firstorder_Mean,0.4271881621854338,468
lbp-2D,firstorder,MeanAbsoluteDeviation,lbp-2D_firstorder_MeanAbsoluteDeviation,0.38830600235604684,418
lbp-2D,firstorder,Median,lbp-2D_firstorder_Median,NA,NA
lbp-2D,firstorder,Minimum,lbp-2D_firstorder_Minimum,NA,NA
lbp-2D,firstorder,Range,lbp-2D_firstorder_Range,NA,NA
lbp-2D,firstorder,RobustMeanAbsoluteDeviation,lbp-2D_firstorder_RobustMeanAbsoluteDeviation,0.38830600235604684,418
lbp-2D,firstorder,RootMeanSquared,lbp-2D_firstorder_RootMeanSquared,0.42732826933271767,469
lbp-2D,firstorder,Skewness,lbp-2D_firstorder_Skewness,0.4495798514321945,507
lbp-2D,firstorder,TotalEnergy,lbp-2D_firstorder_TotalEnergy,0.0012259337797358128,4
lbp-2D,firstorder,Uniformity,lbp-2D_firstorder_Uniformity,NA,NA
lbp-2D,firstorder,Variance,lbp-2D_firstorder_Variance,0.3446101090807068,337
lbp-2D,glcm,Autocorrelation,lbp-2D_glcm_Autocorrelation,NA,NA
lbp-2D,glcm,ClusterProminence,lbp-2D_glcm_ClusterProminence,NA,NA
lbp-2D,glcm,ClusterShade,lbp-2D_glcm_ClusterShade,NA,NA
lbp-2D,glcm,ClusterTendency,lbp-2D_glcm_ClusterTendency,NA,NA
lbp-2D,glcm,Contrast,lbp-2D_glcm_Contrast,NA,NA
lbp-2D,glcm,Correlation,lbp-2D_glcm_Correlation,NA,NA
lbp-2D,glcm,DifferenceAverage,lbp-2D_glcm_DifferenceAverage,NA,NA
lbp-2D,glcm,DifferenceEntropy,lbp-2D_glcm_DifferenceEntropy,NA,NA
lbp-2D,glcm,DifferenceVariance,lbp-2D_glcm_DifferenceVariance,NA,NA
lbp-2D,glcm,Id,lbp-2D_glcm_Id,NA,NA
lbp-2D,glcm,Idm,lbp-2D_glcm_Idm,NA,NA
lbp-2D,glcm,Idmn,lbp-2D_glcm_Idmn,NA,NA
lbp-2D,glcm,Idn,lbp-2D_glcm_Idn,NA,NA
lbp-2D,glcm,Imc1,lbp-2D_glcm_Imc1,NA,NA
lbp-2D,glcm,Imc2,lbp-2D_glcm_Imc2,NA,NA
lbp-2D,glcm,InverseVariance,lbp-2D_glcm_InverseVariance,NA,NA
lbp-2D,glcm,JointAverage,lbp-2D_glcm_JointAverage,NA,NA
lbp-2D,glcm,JointEnergy,lbp-2D_glcm_JointEnergy,NA,NA
lbp-2D,glcm,JointEntropy,lbp-2D_glcm_JointEntropy,NA,NA
lbp-2D,glcm,MaximumProbability,lbp-2D_glcm_MaximumProbability,NA,NA
lbp-2D,glcm,SumEntropy,lbp-2D_glcm_SumEntropy,NA,NA
lbp-2D,glcm,SumSquares,lbp-2D_glcm_SumSquares,NA,NA
lbp-2D,gldm,DependenceEntropy,lbp-2D_gldm_DependenceEntropy,0,1
lbp-2D,gldm,DependenceNonUniformity,lbp-2D_gldm_DependenceNonUniformity,0,1
lbp-2D,gldm,DependenceNonUniformityNormalized,lbp-2D_gldm_DependenceNonUniformityNormalized,0,1
lbp-2D,gldm,DependenceVariance,lbp-2D_gldm_DependenceVariance,0,1
lbp-2D,gldm,GrayLevelNonUniformity,lbp-2D_gldm_GrayLevelNonUniformity,0,1
lbp-2D,gldm,GrayLevelVariance,lbp-2D_gldm_GrayLevelVariance,NA,NA
lbp-2D,gldm,HighGrayLevelEmphasis,lbp-2D_gldm_HighGrayLevelEmphasis,NA,NA
lbp-2D,gldm,LargeDependenceEmphasis,lbp-2D_gldm_LargeDependenceEmphasis,0,1
lbp-2D,gldm,LargeDependenceHighGrayLevelEmphasis,lbp-2D_gldm_LargeDependenceHighGrayLevelEmphasis,0,1
lbp-2D,gldm,LargeDependenceLowGrayLevelEmphasis,lbp-2D_gldm_LargeDependenceLowGrayLevelEmphasis,0,1
lbp-2D,gldm,LowGrayLevelEmphasis,lbp-2D_gldm_LowGrayLevelEmphasis,NA,NA
lbp-2D,gldm,SmallDependenceEmphasis,lbp-2D_gldm_SmallDependenceEmphasis,0,1
lbp-2D,gldm,SmallDependenceHighGrayLevelEmphasis,lbp-2D_gldm_SmallDependenceHighGrayLevelEmphasis,0,1
lbp-2D,gldm,SmallDependenceLowGrayLevelEmphasis,lbp-2D_gldm_SmallDependenceLowGrayLevelEmphasis,0,1
lbp-2D,glrlm,GrayLevelNonUniformity,lbp-2D_glrlm_GrayLevelNonUniformity,0,1
lbp-2D,glrlm,GrayLevelNonUniformityNormalized,lbp-2D_glrlm_GrayLevelNonUniformityNormalized,NA,NA
lbp-2D,glrlm,GrayLevelVariance,lbp-2D_glrlm_GrayLevelVariance,NA,NA
lbp-2D,glrlm,HighGrayLevelRunEmphasis,lbp-2D_glrlm_HighGrayLevelRunEmphasis,NA,NA
lbp-2D,glrlm,LongRunEmphasis,lbp-2D_glrlm_LongRunEmphasis,0,1
lbp-2D,glrlm,LongRunHighGrayLevelEmphasis,lbp-2D_glrlm_LongRunHighGrayLevelEmphasis,0,1
lbp-2D,glrlm,LongRunLowGrayLevelEmphasis,lbp-2D_glrlm_LongRunLowGrayLevelEmphasis,0,1
lbp-2D,glrlm,LowGrayLevelRunEmphasis,lbp-2D_glrlm_LowGrayLevelRunEmphasis,NA,NA
lbp-2D,glrlm,RunEntropy,lbp-2D_glrlm_RunEntropy,0,1
lbp-2D,glrlm,RunLengthNonUniformity,lbp-2D_glrlm_RunLengthNonUniformity,0,1
lbp-2D,glrlm,RunLengthNonUniformityNormalized,lbp-2D_glrlm_RunLengthNonUniformityNormalized,0,1
lbp-2D,glrlm,RunPercentage,lbp-2D_glrlm_RunPercentage,0,1
lbp-2D,glrlm,RunVariance,lbp-2D_glrlm_RunVariance,0,1
lbp-2D,glrlm,ShortRunEmphasis,lbp-2D_glrlm_ShortRunEmphasis,0,1
lbp-2D,glrlm,ShortRunHighGrayLevelEmphasis,lbp-2D_glrlm_ShortRunHighGrayLevelEmphasis,0,1
lbp-2D,glrlm,ShortRunLowGrayLevelEmphasis,lbp-2D_glrlm_ShortRunLowGrayLevelEmphasis,0,1
lbp-2D,glszm,GrayLevelNonUniformity,lbp-2D_glszm_GrayLevelNonUniformity,0,1
lbp-2D,glszm,GrayLevelNonUniformityNormalized,lbp-2D_glszm_GrayLevelNonUniformityNormalized,NA,NA
lbp-2D,glszm,GrayLevelVariance,lbp-2D_glszm_GrayLevelVariance,NA,NA
lbp-2D,glszm,HighGrayLevelZoneEmphasis,lbp-2D_glszm_HighGrayLevelZoneEmphasis,NA,NA
lbp-2D,glszm,LargeAreaEmphasis,lbp-2D_glszm_LargeAreaEmphasis,0,1
lbp-2D,glszm,LargeAreaHighGrayLevelEmphasis,lbp-2D_glszm_LargeAreaHighGrayLevelEmphasis,0,1
lbp-2D,glszm,LargeAreaLowGrayLevelEmphasis,lbp-2D_glszm_LargeAreaLowGrayLevelEmphasis,0,1
lbp-2D,glszm,LowGrayLevelZoneEmphasis,lbp-2D_glszm_LowGrayLevelZoneEmphasis,NA,NA
lbp-2D,glszm,SizeZoneNonUniformity,lbp-2D_glszm_SizeZoneNonUniformity,NA,NA
lbp-2D,glszm,SizeZoneNonUniformityNormalized,lbp-2D_glszm_SizeZoneNonUniformityNormalized,0,1
lbp-2D,glszm,SmallAreaEmphasis,lbp-2D_glszm_SmallAreaEmphasis,0,1
lbp-2D,glszm,SmallAreaHighGrayLevelEmphasis,lbp-2D_glszm_SmallAreaHighGrayLevelEmphasis,0,1
lbp-2D,glszm,SmallAreaLowGrayLevelEmphasis,lbp-2D_glszm_SmallAreaLowGrayLevelEmphasis,0,1
lbp-2D,glszm,ZoneEntropy,lbp-2D_glszm_ZoneEntropy,0,1
lbp-2D,glszm,ZonePercentage,lbp-2D_glszm_ZonePercentage,0,1
lbp-2D,glszm,ZoneVariance,lbp-2D_glszm_ZoneVariance,0,1
lbp-2D,ngtdm,Busyness,lbp-2D_ngtdm_Busyness,NA,NA
lbp-2D,ngtdm,Coarseness,lbp-2D_ngtdm_Coarseness,NA,NA
lbp-2D,ngtdm,Complexity,lbp-2D_ngtdm_Complexity,NA,NA
lbp-2D,ngtdm,Contrast,lbp-2D_ngtdm_Contrast,NA,NA
lbp-2D,ngtdm,Strength,lbp-2D_ngtdm_Strength,NA,NA
original,firstorder,10Percentile,original_firstorder_10Percentile,0.18691607315984865,98
original,firstorder,90Percentile,original_firstorder_90Percentile,0.11077862401802296,37
original,firstorder,Energy,original_firstorder_Energy,0.03895906528795366,6
original,firstorder,Entropy,original_firstorder_Entropy,0.5103135714917314,575
original,firstorder,InterquartileRange,original_firstorder_InterquartileRange,0.485739979052773,549
original,firstorder,Kurtosis,original_firstorder_Kurtosis,0.28679531787123885,217
original,firstorder,Maximum,original_firstorder_Maximum,0.31366739030872204,281
original,firstorder,Mean,original_firstorder_Mean,0.07953597039698455,15
original,firstorder,MeanAbsoluteDeviation,original_firstorder_MeanAbsoluteDeviation,0.312011960593408,274
original,firstorder,Median,original_firstorder_Median,0.06648305964739139,9
original,firstorder,Minimum,original_firstorder_Minimum,0.3810999324369441,413
original,firstorder,Range,original_firstorder_Range,0.25964675294827744,172
original,firstorder,RobustMeanAbsoluteDeviation,original_firstorder_RobustMeanAbsoluteDeviation,0.4762054886618767,536
original,firstorder,RootMeanSquared,original_firstorder_RootMeanSquared,0.0784065242264549,14
original,firstorder,Skewness,original_firstorder_Skewness,0.2665079221211691,183
original,firstorder,TotalEnergy,original_firstorder_TotalEnergy,0.03895906528795366,6
original,firstorder,Uniformity,original_firstorder_Uniformity,0.4107062141583368,447
original,firstorder,Variance,original_firstorder_Variance,0.13424160751017805,62
original,glcm,Autocorrelation,original_glcm_Autocorrelation,0.5295949964569622,605
original,glcm,ClusterProminence,original_glcm_ClusterProminence,0.11459635912480486,41
original,glcm,ClusterShade,original_glcm_ClusterShade,0.1223747650937349,53
original,glcm,ClusterTendency,original_glcm_ClusterTendency,0.1147815195721672,42
original,glcm,Contrast,original_glcm_Contrast,0.22863543992378643,140
original,glcm,Correlation,original_glcm_Correlation,0.27255987554006167,192
original,glcm,DifferenceAverage,original_glcm_DifferenceAverage,0.46426639911747947,527
original,glcm,DifferenceEntropy,original_glcm_DifferenceEntropy,0.5132040034509863,581
original,glcm,DifferenceVariance,original_glcm_DifferenceVariance,0.12850108769515622,56
original,glcm,Id,original_glcm_Id,0.6412889329587091,699
original,glcm,Idm,original_glcm_Idm,0.6365261620518595,698
original,glcm,Idmn,original_glcm_Idmn,0.481233629488922,542
original,glcm,Idn,original_glcm_Idn,0.6933574297304121,720
original,glcm,Imc1,original_glcm_Imc1,0.3457871160230048,343
original,glcm,Imc2,original_glcm_Imc2,0.21373372964007037,122
original,glcm,InverseVariance,original_glcm_InverseVariance,0.6581261195716896,704
original,glcm,JointAverage,original_glcm_JointAverage,0.49804510203951763,565
original,glcm,JointEnergy,original_glcm_JointEnergy,0.32814726231731095,305
original,glcm,JointEntropy,original_glcm_JointEntropy,0.3480584763802864,347
original,glcm,MaximumProbability,original_glcm_MaximumProbability,0.3498334435544037,352
original,glcm,SumEntropy,original_glcm_SumEntropy,0.355459599337873,363
original,glcm,SumSquares,original_glcm_SumSquares,0.14170255331037268,70
original,gldm,DependenceEntropy,original_gldm_DependenceEntropy,0.32817399210885784,306
original,gldm,DependenceNonUniformity,original_gldm_DependenceNonUniformity,0.7479602318365409,731
original,gldm,DependenceNonUniformityNormalized,original_gldm_DependenceNonUniformityNormalized,0.5518905459717647,632
original,gldm,DependenceVariance,original_gldm_DependenceVariance,0.3831115752822192,414
original,gldm,GrayLevelNonUniformity,original_gldm_GrayLevelNonUniformity,0.3188044158449914,287
original,gldm,GrayLevelVariance,original_gldm_GrayLevelVariance,0.13411009588341521,61
original,gldm,HighGrayLevelEmphasis,original_gldm_HighGrayLevelEmphasis,0.544873755964063,626
original,gldm,LargeDependenceEmphasis,original_gldm_LargeDependenceEmphasis,0.39622312302560486,431
original,gldm,LargeDependenceHighGrayLevelEmphasis,original_gldm_LargeDependenceHighGrayLevelEmphasis,0.3475585664275243,346
original,gldm,LargeDependenceLowGrayLevelEmphasis,original_gldm_LargeDependenceLowGrayLevelEmphasis,0.4822362923347508,544
original,gldm,LowGrayLevelEmphasis,original_gldm_LowGrayLevelEmphasis,0.45359968831414865,516
original,gldm,SmallDependenceEmphasis,original_gldm_SmallDependenceEmphasis,0.4477005553946056,504
original,gldm,SmallDependenceHighGrayLevelEmphasis,original_gldm_SmallDependenceHighGrayLevelEmphasis,0.6104548298187391,678
original,gldm,SmallDependenceLowGrayLevelEmphasis,original_gldm_SmallDependenceLowGrayLevelEmphasis,0.43832812552033373,493
original,glrlm,GrayLevelNonUniformity,original_glrlm_GrayLevelNonUniformity,0.3201741637543498,290
original,glrlm,GrayLevelNonUniformityNormalized,original_glrlm_GrayLevelNonUniformityNormalized,0.4172641710328026,457
original,glrlm,GrayLevelVariance,original_glrlm_GrayLevelVariance,0.1270193282962166,55
original,glrlm,HighGrayLevelRunEmphasis,original_glrlm_HighGrayLevelRunEmphasis,0.5430333360460842,624
original,glrlm,LongRunEmphasis,original_glrlm_LongRunEmphasis,0.38996162459383366,421
original,glrlm,LongRunHighGrayLevelEmphasis,original_glrlm_LongRunHighGrayLevelEmphasis,0.4932616697900218,558
original,glrlm,LongRunLowGrayLevelEmphasis,original_glrlm_LongRunLowGrayLevelEmphasis,0.4610762669715715,522
original,glrlm,LowGrayLevelRunEmphasis,original_glrlm_LowGrayLevelRunEmphasis,0.45253025567010186,515
original,glrlm,RunEntropy,original_glrlm_RunEntropy,0.4517054436289164,513
original,glrlm,RunLengthNonUniformity,original_glrlm_RunLengthNonUniformity,0.1780718587627263,92
original,glrlm,RunLengthNonUniformityNormalized,original_glrlm_RunLengthNonUniformityNormalized,0.44342113483498485,498
original,glrlm,RunPercentage,original_glrlm_RunPercentage,0.42131351202410805,464
original,glrlm,RunVariance,original_glrlm_RunVariance,0.36604521492114844,384
original,glrlm,ShortRunEmphasis,original_glrlm_ShortRunEmphasis,0.42781427540967343,470
original,glrlm,ShortRunHighGrayLevelEmphasis,original_glrlm_ShortRunHighGrayLevelEmphasis,0.5545041506062474,634
original,glrlm,ShortRunLowGrayLevelEmphasis,original_glrlm_ShortRunLowGrayLevelEmphasis,0.45004467036679763,509
original,glszm,GrayLevelNonUniformity,original_glszm_GrayLevelNonUniformity,0.3450230417098518,339
original,glszm,GrayLevelNonUniformityNormalized,original_glszm_GrayLevelNonUniformityNormalized,0.43704794209980646,488
original,glszm,GrayLevelVariance,original_glszm_GrayLevelVariance,0.12207624612456346,51
original,glszm,HighGrayLevelZoneEmphasis,original_glszm_HighGrayLevelZoneEmphasis,0.536003909640713,615
original,glszm,LargeAreaEmphasis,original_glszm_LargeAreaEmphasis,0.3226557717321684,291
original,glszm,LargeAreaHighGrayLevelEmphasis,original_glszm_LargeAreaHighGrayLevelEmphasis,0.3401367590648484,333
original,glszm,LargeAreaLowGrayLevelEmphasis,original_glszm_LargeAreaLowGrayLevelEmphasis,0.47453502351119464,534
original,glszm,LowGrayLevelZoneEmphasis,original_glszm_LowGrayLevelZoneEmphasis,0.4499735192222102,508
original,glszm,SizeZoneNonUniformity,original_glszm_SizeZoneNonUniformity,0.7032092823592638,723
original,glszm,SizeZoneNonUniformityNormalized,original_glszm_SizeZoneNonUniformityNormalized,0.4480758643527958,505
original,glszm,SmallAreaEmphasis,original_glszm_SmallAreaEmphasis,0.4058931375958484,446
original,glszm,SmallAreaHighGrayLevelEmphasis,original_glszm_SmallAreaHighGrayLevelEmphasis,0.5654615836512075,645
original,glszm,SmallAreaLowGrayLevelEmphasis,original_glszm_SmallAreaLowGrayLevelEmphasis,0.4455750821190793,502
original,glszm,ZoneEntropy,original_glszm_ZoneEntropy,0.3398418446872465,330
original,glszm,ZonePercentage,original_glszm_ZonePercentage,0.42652230585563095,467
original,glszm,ZoneVariance,original_glszm_ZoneVariance,0.2883591712426724,220
original,ngtdm,Busyness,original_ngtdm_Busyness,0.396659496403119,432
original,ngtdm,Coarseness,original_ngtdm_Coarseness,0.35563708525431126,365
original,ngtdm,Complexity,original_ngtdm_Complexity,0.304272148126316,259
original,ngtdm,Contrast,original_ngtdm_Contrast,0.19586475532594844,108
original,ngtdm,Strength,original_ngtdm_Strength,0.16730362325307618,85
wavelet-HHH,firstorder,10Percentile,wavelet-HHH_firstorder_10Percentile,0.9805591722668597,760
wavelet-HHH,firstorder,90Percentile,wavelet-HHH_firstorder_90Percentile,1.1066514596882084,767
wavelet-HHH,firstorder,Energy,wavelet-HHH_firstorder_Energy,0,1
wavelet-HHH,firstorder,Entropy,wavelet-HHH_firstorder_Entropy,0.43539980237530007,482
wavelet-HHH,firstorder,InterquartileRange,wavelet-HHH_firstorder_InterquartileRange,1.1258629151051451,771
wavelet-HHH,firstorder,Kurtosis,wavelet-HHH_firstorder_Kurtosis,0.30180500735616994,254
wavelet-HHH,firstorder,Maximum,wavelet-HHH_firstorder_Maximum,0.5110495645556398,577
wavelet-HHH,firstorder,Mean,wavelet-HHH_firstorder_Mean,0.6444285990995205,701
wavelet-HHH,firstorder,MeanAbsoluteDeviation,wavelet-HHH_firstorder_MeanAbsoluteDeviation,1.0703916029777547,765
wavelet-HHH,firstorder,Median,wavelet-HHH_firstorder_Median,0.6942276700872408,721
wavelet-HHH,firstorder,Minimum,wavelet-HHH_firstorder_Minimum,0.9019932304341501,754
wavelet-HHH,firstorder,Range,wavelet-HHH_firstorder_Range,0.6589712481543567,706
wavelet-HHH,firstorder,RobustMeanAbsoluteDeviation,wavelet-HHH_firstorder_RobustMeanAbsoluteDeviation,1.1077664503772993,768
wavelet-HHH,firstorder,RootMeanSquared,wavelet-HHH_firstorder_RootMeanSquared,NA,NA
wavelet-HHH,firstorder,Skewness,wavelet-HHH_firstorder_Skewness,0.35226346605097353,359
wavelet-HHH,firstorder,TotalEnergy,wavelet-HHH_firstorder_TotalEnergy,0,1
wavelet-HHH,firstorder,Uniformity,wavelet-HHH_firstorder_Uniformity,0.43551686180368476,484
wavelet-HHH,firstorder,Variance,wavelet-HHH_firstorder_Variance,1.335006550133117,779
wavelet-HHH,glcm,Autocorrelation,wavelet-HHH_glcm_Autocorrelation,0.462052042271653,524
wavelet-HHH,glcm,ClusterProminence,wavelet-HHH_glcm_ClusterProminence,0.5620787639907985,642
wavelet-HHH,glcm,ClusterShade,wavelet-HHH_glcm_ClusterShade,0.4170637992158059,454
wavelet-HHH,glcm,ClusterTendency,wavelet-HHH_glcm_ClusterTendency,0.5568939834466705,636
wavelet-HHH,glcm,Contrast,wavelet-HHH_glcm_Contrast,0.5133747739475418,583
wavelet-HHH,glcm,Correlation,wavelet-HHH_glcm_Correlation,0.5332117063070035,610
wavelet-HHH,glcm,DifferenceAverage,wavelet-HHH_glcm_DifferenceAverage,0.5133747739475418,583
wavelet-HHH,glcm,DifferenceEntropy,wavelet-HHH_glcm_DifferenceEntropy,0.6902444642718247,717
wavelet-HHH,glcm,DifferenceVariance,wavelet-HHH_glcm_DifferenceVariance,0.6856904717043161,715
wavelet-HHH,glcm,Id,wavelet-HHH_glcm_Id,0.513374773947542,584
wavelet-HHH,glcm,Idm,wavelet-HHH_glcm_Idm,0.513374773947542,584
wavelet-HHH,glcm,Idmn,wavelet-HHH_glcm_Idmn,0.5133747739475428,585
wavelet-HHH,glcm,Idn,wavelet-HHH_glcm_Idn,0.5133747739475413,582
wavelet-HHH,glcm,Imc1,wavelet-HHH_glcm_Imc1,0.6952760706051937,722
wavelet-HHH,glcm,Imc2,wavelet-HHH_glcm_Imc2,0.6090894996530293,675
wavelet-HHH,glcm,InverseVariance,wavelet-HHH_glcm_InverseVariance,0.5133747739475418,583
wavelet-HHH,glcm,JointAverage,wavelet-HHH_glcm_JointAverage,0.4691620073221326,532
wavelet-HHH,glcm,JointEnergy,wavelet-HHH_glcm_JointEnergy,0.6913409829821618,718
wavelet-HHH,glcm,JointEntropy,wavelet-HHH_glcm_JointEntropy,0.704374112268851,724
wavelet-HHH,glcm,MaximumProbability,wavelet-HHH_glcm_MaximumProbability,0.5861940192143927,660
wavelet-HHH,glcm,SumEntropy,wavelet-HHH_glcm_SumEntropy,0.659141910918591,707
wavelet-HHH,glcm,SumSquares,wavelet-HHH_glcm_SumSquares,0.4608833265293461,521
wavelet-HHH,gldm,DependenceEntropy,wavelet-HHH_gldm_DependenceEntropy,0.586483968082016,662
wavelet-HHH,gldm,DependenceNonUniformity,wavelet-HHH_gldm_DependenceNonUniformity,0.3240690564184065,294
wavelet-HHH,gldm,DependenceNonUniformityNormalized,wavelet-HHH_gldm_DependenceNonUniformityNormalized,0.6082387239311746,672
wavelet-HHH,gldm,DependenceVariance,wavelet-HHH_gldm_DependenceVariance,0.4938780347875852,559
wavelet-HHH,gldm,GrayLevelNonUniformity,wavelet-HHH_gldm_GrayLevelNonUniformity,0.013428386166837038,5
wavelet-HHH,gldm,GrayLevelVariance,wavelet-HHH_gldm_GrayLevelVariance,0.43551686180368965,485
wavelet-HHH,gldm,HighGrayLevelEmphasis,wavelet-HHH_gldm_HighGrayLevelEmphasis,0.4796344185013656,540
wavelet-HHH,gldm,LargeDependenceEmphasis,wavelet-HHH_gldm_LargeDependenceEmphasis,0.2363386014943126,148
wavelet-HHH,gldm,LargeDependenceHighGrayLevelEmphasis,wavelet-HHH_gldm_LargeDependenceHighGrayLevelEmphasis,0.3583853899001338,370
wavelet-HHH,gldm,LargeDependenceLowGrayLevelEmphasis,wavelet-HHH_gldm_LargeDependenceLowGrayLevelEmphasis,0.28506126345481214,214
wavelet-HHH,gldm,LowGrayLevelEmphasis,wavelet-HHH_gldm_LowGrayLevelEmphasis,0.47963441850136546,539
wavelet-HHH,gldm,SmallDependenceEmphasis,wavelet-HHH_gldm_SmallDependenceEmphasis,0.23979146360257525,153
wavelet-HHH,gldm,SmallDependenceHighGrayLevelEmphasis,wavelet-HHH_gldm_SmallDependenceHighGrayLevelEmphasis,0.2820690055565816,210
wavelet-HHH,gldm,SmallDependenceLowGrayLevelEmphasis,wavelet-HHH_gldm_SmallDependenceLowGrayLevelEmphasis,0.2627975489675582,175
wavelet-HHH,glrlm,GrayLevelNonUniformity,wavelet-HHH_glrlm_GrayLevelNonUniformity,0.08769335934984009,22
wavelet-HHH,glrlm,GrayLevelNonUniformityNormalized,wavelet-HHH_glrlm_GrayLevelNonUniformityNormalized,0.40513108421728455,445
wavelet-HHH,glrlm,GrayLevelVariance,wavelet-HHH_glrlm_GrayLevelVariance,0.40513108421728333,444
wavelet-HHH,glrlm,HighGrayLevelRunEmphasis,wavelet-HHH_glrlm_HighGrayLevelRunEmphasis,0.5094671820903183,574
wavelet-HHH,glrlm,LongRunEmphasis,wavelet-HHH_glrlm_LongRunEmphasis,0.252099099878154,162
wavelet-HHH,glrlm,LongRunHighGrayLevelEmphasis,wavelet-HHH_glrlm_LongRunHighGrayLevelEmphasis,0.3401268606725571,332
wavelet-HHH,glrlm,LongRunLowGrayLevelEmphasis,wavelet-HHH_glrlm_LongRunLowGrayLevelEmphasis,0.27113078581961775,190
wavelet-HHH,glrlm,LowGrayLevelRunEmphasis,wavelet-HHH_glrlm_LowGrayLevelRunEmphasis,0.5094671820903183,574
wavelet-HHH,glrlm,RunEntropy,wavelet-HHH_glrlm_RunEntropy,0.2013630861944132,113
wavelet-HHH,glrlm,RunLengthNonUniformity,wavelet-HHH_glrlm_RunLengthNonUniformity,0.39287831731570394,429
wavelet-HHH,glrlm,RunLengthNonUniformityNormalized,wavelet-HHH_glrlm_RunLengthNonUniformityNormalized,0.2164244830630697,126
wavelet-HHH,glrlm,RunPercentage,wavelet-HHH_glrlm_RunPercentage,0.217079703024629,127
wavelet-HHH,glrlm,RunVariance,wavelet-HHH_glrlm_RunVariance,0.4402532819739085,494
wavelet-HHH,glrlm,ShortRunEmphasis,wavelet-HHH_glrlm_ShortRunEmphasis,0.19341125964723518,101
wavelet-HHH,glrlm,ShortRunHighGrayLevelEmphasis,wavelet-HHH_glrlm_ShortRunHighGrayLevelEmphasis,0.3004477665155712,244
wavelet-HHH,glrlm,ShortRunLowGrayLevelEmphasis,wavelet-HHH_glrlm_ShortRunLowGrayLevelEmphasis,0.229259492050514,141
wavelet-HHH,glszm,GrayLevelNonUniformity,wavelet-HHH_glszm_GrayLevelNonUniformity,0.2922773564692962,231
wavelet-HHH,glszm,GrayLevelNonUniformityNormalized,wavelet-HHH_glszm_GrayLevelNonUniformityNormalized,0.30108734837093876,249
wavelet-HHH,glszm,GrayLevelVariance,wavelet-HHH_glszm_GrayLevelVariance,0.30108734837093876,249
wavelet-HHH,glszm,HighGrayLevelZoneEmphasis,wavelet-HHH_glszm_HighGrayLevelZoneEmphasis,0.45456795214883033,517
wavelet-HHH,glszm,LargeAreaEmphasis,wavelet-HHH_glszm_LargeAreaEmphasis,0.1406203816390622,66
wavelet-HHH,glszm,LargeAreaHighGrayLevelEmphasis,wavelet-HHH_glszm_LargeAreaHighGrayLevelEmphasis,0.1581307653119764,79
wavelet-HHH,glszm,LargeAreaLowGrayLevelEmphasis,wavelet-HHH_glszm_LargeAreaLowGrayLevelEmphasis,0.14108285862799835,69
wavelet-HHH,glszm,LowGrayLevelZoneEmphasis,wavelet-HHH_glszm_LowGrayLevelZoneEmphasis,0.45456795214883033,517
wavelet-HHH,glszm,SizeZoneNonUniformity,wavelet-HHH_glszm_SizeZoneNonUniformity,0.35894833481112853,371
wavelet-HHH,glszm,SizeZoneNonUniformityNormalized,wavelet-HHH_glszm_SizeZoneNonUniformityNormalized,0.513482955994834,586
wavelet-HHH,glszm,SmallAreaEmphasis,wavelet-HHH_glszm_SmallAreaEmphasis,0.5116093086072817,578
wavelet-HHH,glszm,SmallAreaHighGrayLevelEmphasis,wavelet-HHH_glszm_SmallAreaHighGrayLevelEmphasis,0.528797523385207,604
wavelet-HHH,glszm,SmallAreaLowGrayLevelEmphasis,wavelet-HHH_glszm_SmallAreaLowGrayLevelEmphasis,0.46616062516884854,528
wavelet-HHH,glszm,ZoneEntropy,wavelet-HHH_glszm_ZoneEntropy,0.342717370535439,334
wavelet-HHH,glszm,ZonePercentage,wavelet-HHH_glszm_ZonePercentage,0.21356430557724257,121
wavelet-HHH,glszm,ZoneVariance,wavelet-HHH_glszm_ZoneVariance,0.132592558682086,60
wavelet-HHH,ngtdm,Busyness,wavelet-HHH_ngtdm_Busyness,0.338948076538905,326
wavelet-HHH,ngtdm,Coarseness,wavelet-HHH_ngtdm_Coarseness,0.15399224036137366,76
wavelet-HHH,ngtdm,Complexity,wavelet-HHH_ngtdm_Complexity,0.5184686344206078,591
wavelet-HHH,ngtdm,Contrast,wavelet-HHH_ngtdm_Contrast,0.5094370036053374,573
wavelet-HHH,ngtdm,Strength,wavelet-HHH_ngtdm_Strength,0.15385458823018713,75
wavelet-HHL,firstorder,10Percentile,wavelet-HHL_firstorder_10Percentile,1.0670328361935122,764
wavelet-HHL,firstorder,90Percentile,wavelet-HHL_firstorder_90Percentile,1.122713321009456,769
wavelet-HHL,firstorder,Energy,wavelet-HHL_firstorder_Energy,0.05023034065373351,7
wavelet-HHL,firstorder,Entropy,wavelet-HHL_firstorder_Entropy,0.7318608788537836,728
wavelet-HHL,firstorder,InterquartileRange,wavelet-HHL_firstorder_InterquartileRange,1.3040623947216987,778
wavelet-HHL,firstorder,Kurtosis,wavelet-HHL_firstorder_Kurtosis,0.33024067988169276,310
wavelet-HHL,firstorder,Maximum,wavelet-HHL_firstorder_Maximum,0.4381781249515887,492
wavelet-HHL,firstorder,Mean,wavelet-HHL_firstorder_Mean,0.4117305100683605,448
wavelet-HHL,firstorder,MeanAbsoluteDeviation,wavelet-HHL_firstorder_MeanAbsoluteDeviation,1.0981510484037131,766
wavelet-HHL,firstorder,Median,wavelet-HHL_firstorder_Median,0.688668008171031,716
wavelet-HHL,firstorder,Minimum,wavelet-HHL_firstorder_Minimum,0.6220305001261498,685
wavelet-HHL,firstorder,Range,wavelet-HHL_firstorder_Range,0.5665237053278105,646
wavelet-HHL,firstorder,RobustMeanAbsoluteDeviation,wavelet-HHL_firstorder_RobustMeanAbsoluteDeviation,1.2439668664704766,776
wavelet-HHL,firstorder,RootMeanSquared,wavelet-HHL_firstorder_RootMeanSquared,0.655831410614261,702
wavelet-HHL,firstorder,Skewness,wavelet-HHL_firstorder_Skewness,0.2615534643584406,173
wavelet-HHL,firstorder,TotalEnergy,wavelet-HHL_firstorder_TotalEnergy,0.05023034065373351,7
wavelet-HHL,firstorder,Uniformity,wavelet-HHL_firstorder_Uniformity,0.5374846545694428,618
wavelet-HHL,firstorder,Variance,wavelet-HHL_firstorder_Variance,1.3876510420628478,781
wavelet-HHL,glcm,Autocorrelation,wavelet-HHL_glcm_Autocorrelation,0.7105656696833335,725
wavelet-HHL,glcm,ClusterProminence,wavelet-HHL_glcm_ClusterProminence,1.9586413586596567,787
wavelet-HHL,glcm,ClusterShade,wavelet-HHL_glcm_ClusterShade,0.7639845035111167,736
wavelet-HHL,glcm,ClusterTendency,wavelet-HHL_glcm_ClusterTendency,1.1992264846281566,775
wavelet-HHL,glcm,Contrast,wavelet-HHL_glcm_Contrast,1.6053566157510197,785
wavelet-HHL,glcm,Correlation,wavelet-HHL_glcm_Correlation,0.5586550409178516,638
wavelet-HHL,glcm,DifferenceAverage,wavelet-HHL_glcm_DifferenceAverage,1.1465126418165987,772
wavelet-HHL,glcm,DifferenceEntropy,wavelet-HHL_glcm_DifferenceEntropy,0.7964503959752547,743
wavelet-HHL,glcm,DifferenceVariance,wavelet-HHL_glcm_DifferenceVariance,1.24707174128409,777
wavelet-HHL,glcm,Id,wavelet-HHL_glcm_Id,0.6093481153440121,676
wavelet-HHL,glcm,Idm,wavelet-HHL_glcm_Idm,0.5350399593444007,611
wavelet-HHL,glcm,Idmn,wavelet-HHL_glcm_Idmn,0.6175751007641143,684
wavelet-HHL,glcm,Idn,wavelet-HHL_glcm_Idn,0.5636244613559195,643
wavelet-HHL,glcm,Imc1,wavelet-HHL_glcm_Imc1,0.4207622547908422,462
wavelet-HHL,glcm,Imc2,wavelet-HHL_glcm_Imc2,0.15816117407798003,80
wavelet-HHL,glcm,InverseVariance,wavelet-HHL_glcm_InverseVariance,0.5711325839830323,649
wavelet-HHL,glcm,JointAverage,wavelet-HHL_glcm_JointAverage,0.6165849020923002,683
wavelet-HHL,glcm,JointEnergy,wavelet-HHL_glcm_JointEnergy,0.5975152281722057,667
wavelet-HHL,glcm,JointEntropy,wavelet-HHL_glcm_JointEntropy,0.8684661805139335,751
wavelet-HHL,glcm,MaximumProbability,wavelet-HHL_glcm_MaximumProbability,0.5220918959958071,595
wavelet-HHL,glcm,SumEntropy,wavelet-HHL_glcm_SumEntropy,0.6784323754496223,712
wavelet-HHL,glcm,SumSquares,wavelet-HHL_glcm_SumSquares,1.4085407841195074,784
wavelet-HHL,gldm,DependenceEntropy,wavelet-HHL_gldm_DependenceEntropy,0.6933567694818835,719
wavelet-HHL,gldm,DependenceNonUniformity,wavelet-HHL_gldm_DependenceNonUniformity,0.9212614922506269,758
wavelet-HHL,gldm,DependenceNonUniformityNormalized,wavelet-HHL_gldm_DependenceNonUniformityNormalized,0.464071852828375,526
wavelet-HHL,gldm,DependenceVariance,wavelet-HHL_gldm_DependenceVariance,0.3748978073359509,402
wavelet-HHL,gldm,GrayLevelNonUniformity,wavelet-HHL_gldm_GrayLevelNonUniformity,0.25664200585378716,166
wavelet-HHL,gldm,GrayLevelVariance,wavelet-HHL_gldm_GrayLevelVariance,1.3939917231610064,783
wavelet-HHL,gldm,HighGrayLevelEmphasis,wavelet-HHL_gldm_HighGrayLevelEmphasis,0.7630910751985748,735
wavelet-HHL,gldm,LargeDependenceEmphasis,wavelet-HHL_gldm_LargeDependenceEmphasis,0.31869133118213877,285
wavelet-HHL,gldm,LargeDependenceHighGrayLevelEmphasis,wavelet-HHL_gldm_LargeDependenceHighGrayLevelEmphasis,0.6416386720051916,700
wavelet-HHL,gldm,LargeDependenceLowGrayLevelEmphasis,wavelet-HHL_gldm_LargeDependenceLowGrayLevelEmphasis,0.2962934326724167,235
wavelet-HHL,gldm,LowGrayLevelEmphasis,wavelet-HHL_gldm_LowGrayLevelEmphasis,0.36113783545691586,375
wavelet-HHL,gldm,SmallDependenceEmphasis,wavelet-HHL_gldm_SmallDependenceEmphasis,0.3649709900990911,380
wavelet-HHL,gldm,SmallDependenceHighGrayLevelEmphasis,wavelet-HHL_gldm_SmallDependenceHighGrayLevelEmphasis,0.8069321675378636,744
wavelet-HHL,gldm,SmallDependenceLowGrayLevelEmphasis,wavelet-HHL_gldm_SmallDependenceLowGrayLevelEmphasis,0.3674250034657484,389
wavelet-HHL,glrlm,GrayLevelNonUniformity,wavelet-HHL_glrlm_GrayLevelNonUniformity,0.26973858356491814,187
wavelet-HHL,glrlm,GrayLevelNonUniformityNormalized,wavelet-HHL_glrlm_GrayLevelNonUniformityNormalized,0.5554385269094432,635
wavelet-HHL,glrlm,GrayLevelVariance,wavelet-HHL_glrlm_GrayLevelVariance,1.3925095611202514,782
wavelet-HHL,glrlm,HighGrayLevelRunEmphasis,wavelet-HHL_glrlm_HighGrayLevelRunEmphasis,0.764490340015718,737
wavelet-HHL,glrlm,LongRunEmphasis,wavelet-HHL_glrlm_LongRunEmphasis,0.31888275026862967,288
wavelet-HHL,glrlm,LongRunHighGrayLevelEmphasis,wavelet-HHL_glrlm_LongRunHighGrayLevelEmphasis,0.7426252318798977,730
wavelet-HHL,glrlm,LongRunLowGrayLevelEmphasis,wavelet-HHL_glrlm_LongRunLowGrayLevelEmphasis,0.3509672416999507,354
wavelet-HHL,glrlm,LowGrayLevelRunEmphasis,wavelet-HHL_glrlm_LowGrayLevelRunEmphasis,0.3581100460280769,368
wavelet-HHL,glrlm,RunEntropy,wavelet-HHL_glrlm_RunEntropy,0.9099257350528095,757
wavelet-HHL,glrlm,RunLengthNonUniformity,wavelet-HHL_glrlm_RunLengthNonUniformity,0.15732488244762863,77
wavelet-HHL,glrlm,RunLengthNonUniformityNormalized,wavelet-HHL_glrlm_RunLengthNonUniformityNormalized,0.3399455703122805,331
wavelet-HHL,glrlm,RunPercentage,wavelet-HHL_glrlm_RunPercentage,0.33317911019632346,317
wavelet-HHL,glrlm,RunVariance,wavelet-HHL_glrlm_RunVariance,0.3273196903489686,304
wavelet-HHL,glrlm,ShortRunEmphasis,wavelet-HHL_glrlm_ShortRunEmphasis,0.32698008956412666,303
wavelet-HHL,glrlm,ShortRunHighGrayLevelEmphasis,wavelet-HHL_glrlm_ShortRunHighGrayLevelEmphasis,0.769920773775535,739
wavelet-HHL,glrlm,ShortRunLowGrayLevelEmphasis,wavelet-HHL_glrlm_ShortRunLowGrayLevelEmphasis,0.3593943557393501,373
wavelet-HHL,glszm,GrayLevelNonUniformity,wavelet-HHL_glszm_GrayLevelNonUniformity,0.32463129557393866,295
wavelet-HHL,glszm,GrayLevelNonUniformityNormalized,wavelet-HHL_glszm_GrayLevelNonUniformityNormalized,0.6106068740540487,680
wavelet-HHL,glszm,GrayLevelVariance,wavelet-HHL_glszm_GrayLevelVariance,1.3876215579835196,780
wavelet-HHL,glszm,HighGrayLevelZoneEmphasis,wavelet-HHL_glszm_HighGrayLevelZoneEmphasis,0.7686782401531673,738
wavelet-HHL,glszm,LargeAreaEmphasis,wavelet-HHL_glszm_LargeAreaEmphasis,0.2728334817996067,194
wavelet-HHL,glszm,LargeAreaHighGrayLevelEmphasis,wavelet-HHL_glszm_LargeAreaHighGrayLevelEmphasis,0.682898196426281,713
wavelet-HHL,glszm,LargeAreaLowGrayLevelEmphasis,wavelet-HHL_glszm_LargeAreaLowGrayLevelEmphasis,0.2967378826716703,237
wavelet-HHL,glszm,LowGrayLevelZoneEmphasis,wavelet-HHL_glszm_LowGrayLevelZoneEmphasis,0.35097261119937606,355
wavelet-HHL,glszm,SizeZoneNonUniformity,wavelet-HHL_glszm_SizeZoneNonUniformity,0.8242013760130685,747
wavelet-HHL,glszm,SizeZoneNonUniformityNormalized,wavelet-HHL_glszm_SizeZoneNonUniformityNormalized,0.39164277590252505,427
wavelet-HHL,glszm,SmallAreaEmphasis,wavelet-HHL_glszm_SmallAreaEmphasis,0.3428812604090074,335
wavelet-HHL,glszm,SmallAreaHighGrayLevelEmphasis,wavelet-HHL_glszm_SmallAreaHighGrayLevelEmphasis,0.7892342327918382,741
wavelet-HHL,glszm,SmallAreaLowGrayLevelEmphasis,wavelet-HHL_glszm_SmallAreaLowGrayLevelEmphasis,0.36152736467137325,376
wavelet-HHL,glszm,ZoneEntropy,wavelet-HHL_glszm_ZoneEntropy,0.8766043294106787,753
wavelet-HHL,glszm,ZonePercentage,wavelet-HHL_glszm_ZonePercentage,0.34682785616173195,344
wavelet-HHL,glszm,ZoneVariance,wavelet-HHL_glszm_ZoneVariance,0.2733686850438669,196
wavelet-HHL,ngtdm,Busyness,wavelet-HHL_ngtdm_Busyness,0.2322337139359589,145
wavelet-HHL,ngtdm,Coarseness,wavelet-HHL_ngtdm_Coarseness,0.37728369689072616,406
wavelet-HHL,ngtdm,Complexity,wavelet-HHL_ngtdm_Complexity,1.8458982673462392,786
wavelet-HHL,ngtdm,Contrast,wavelet-HHL_ngtdm_Contrast,1.1587047996669426,774
wavelet-HHL,ngtdm,Strength,wavelet-HHL_ngtdm_Strength,0.5417262928921212,622
wavelet-HLH,firstorder,10Percentile,wavelet-HLH_firstorder_10Percentile,0.754529464424219,733
wavelet-HLH,firstorder,90Percentile,wavelet-HLH_firstorder_90Percentile,0.28916983515927314,222
wavelet-HLH,firstorder,Energy,wavelet-HLH_firstorder_Energy,0,1
wavelet-HLH,firstorder,Entropy,wavelet-HLH_firstorder_Entropy,0.2909438844123453,226
wavelet-HLH,firstorder,InterquartileRange,wavelet-HLH_firstorder_InterquartileRange,0.5879823479104388,663
wavelet-HLH,firstorder,Kurtosis,wavelet-HLH_firstorder_Kurtosis,0.5492109788478177,631
wavelet-HLH,firstorder,Maximum,wavelet-HLH_firstorder_Maximum,0.577543176657653,654
wavelet-HLH,firstorder,Mean,wavelet-HLH_firstorder_Mean,0.1900014137585494,99
wavelet-HLH,firstorder,MeanAbsoluteDeviation,wavelet-HLH_firstorder_MeanAbsoluteDeviation,0.46672812763420635,529
wavelet-HLH,firstorder,Median,wavelet-HLH_firstorder_Median,0.399730986058974,436
wavelet-HLH,firstorder,Minimum,wavelet-HLH_firstorder_Minimum,0.50075458333478,568
wavelet-HLH,firstorder,Range,wavelet-HLH_firstorder_Range,0.5713534219460911,650
wavelet-HLH,firstorder,RobustMeanAbsoluteDeviation,wavelet-HLH_firstorder_RobustMeanAbsoluteDeviation,0.5351468210758189,612
wavelet-HLH,firstorder,RootMeanSquared,wavelet-HLH_firstorder_RootMeanSquared,NA,NA
wavelet-HLH,firstorder,Skewness,wavelet-HLH_firstorder_Skewness,0.45645668558562075,518
wavelet-HLH,firstorder,TotalEnergy,wavelet-HLH_firstorder_TotalEnergy,0,1
wavelet-HLH,firstorder,Uniformity,wavelet-HLH_firstorder_Uniformity,0.29113458932471364,228
wavelet-HLH,firstorder,Variance,wavelet-HLH_firstorder_Variance,0.5475734499263024,630
wavelet-HLH,glcm,Autocorrelation,wavelet-HLH_glcm_Autocorrelation,0.35401342791516766,360
wavelet-HLH,glcm,ClusterProminence,wavelet-HLH_glcm_ClusterProminence,0.570729358822078,648
wavelet-HLH,glcm,ClusterShade,wavelet-HLH_glcm_ClusterShade,0.3200998537279389,289
wavelet-HLH,glcm,ClusterTendency,wavelet-HLH_glcm_ClusterTendency,0.5605943334348988,641
wavelet-HLH,glcm,Contrast,wavelet-HLH_glcm_Contrast,0.584797172539742,658
wavelet-HLH,glcm,Correlation,wavelet-HLH_glcm_Correlation,0.6235407470128557,687
wavelet-HLH,glcm,DifferenceAverage,wavelet-HLH_glcm_DifferenceAverage,0.584797172539742,658
wavelet-HLH,glcm,DifferenceEntropy,wavelet-HLH_glcm_DifferenceEntropy,0.3859809738542846,416
wavelet-HLH,glcm,DifferenceVariance,wavelet-HLH_glcm_DifferenceVariance,0.386224299792583,417
wavelet-HLH,glcm,Id,wavelet-HLH_glcm_Id,0.584797172539742,658
wavelet-HLH,glcm,Idm,wavelet-HLH_glcm_Idm,0.584797172539742,658
wavelet-HLH,glcm,Idmn,wavelet-HLH_glcm_Idmn,0.5847971725397416,657
wavelet-HLH,glcm,Idn,wavelet-HLH_glcm_Idn,0.584797172539742,658
wavelet-HLH,glcm,Imc1,wavelet-HLH_glcm_Imc1,0.5313616078478063,608
wavelet-HLH,glcm,Imc2,wavelet-HLH_glcm_Imc2,0.608617399371551,674
wavelet-HLH,glcm,InverseVariance,wavelet-HLH_glcm_InverseVariance,0.584797172539742,658
wavelet-HLH,glcm,JointAverage,wavelet-HLH_glcm_JointAverage,0.3450799472891202,340
wavelet-HLH,glcm,JointEnergy,wavelet-HLH_glcm_JointEnergy,0.2881077089920283,219
wavelet-HLH,glcm,JointEntropy,wavelet-HLH_glcm_JointEntropy,0.30500227792785345,261
wavelet-HLH,glcm,MaximumProbability,wavelet-HLH_glcm_MaximumProbability,0.2972484679302153,238
wavelet-HLH,glcm,SumEntropy,wavelet-HLH_glcm_SumEntropy,0.5384567560089305,620
wavelet-HLH,glcm,SumSquares,wavelet-HLH_glcm_SumSquares,0.31235866843386717,277
wavelet-HLH,gldm,DependenceEntropy,wavelet-HLH_gldm_DependenceEntropy,0.5544298647409007,633
wavelet-HLH,gldm,DependenceNonUniformity,wavelet-HLH_gldm_DependenceNonUniformity,0.2571726840772585,167
wavelet-HLH,gldm,DependenceNonUniformityNormalized,wavelet-HLH_gldm_DependenceNonUniformityNormalized,0.5880662710208032,664
wavelet-HLH,gldm,DependenceVariance,wavelet-HLH_gldm_DependenceVariance,0.4914256442876942,555
wavelet-HLH,gldm,GrayLevelNonUniformity,wavelet-HLH_gldm_GrayLevelNonUniformity,0.07371969279541583,13
wavelet-HLH,gldm,GrayLevelVariance,wavelet-HLH_gldm_GrayLevelVariance,0.29113458932471353,227
wavelet-HLH,gldm,HighGrayLevelEmphasis,wavelet-HLH_gldm_HighGrayLevelEmphasis,0.3097135252073431,270
wavelet-HLH,gldm,LargeDependenceEmphasis,wavelet-HLH_gldm_LargeDependenceEmphasis,0.45144640638562755,512
wavelet-HLH,gldm,LargeDependenceHighGrayLevelEmphasis,wavelet-HLH_gldm_LargeDependenceHighGrayLevelEmphasis,0.49987690187906875,566
wavelet-HLH,gldm,LargeDependenceLowGrayLevelEmphasis,wavelet-HLH_gldm_LargeDependenceLowGrayLevelEmphasis,0.3122678597835137,275
wavelet-HLH,gldm,LowGrayLevelEmphasis,wavelet-HLH_gldm_LowGrayLevelEmphasis,0.309713525207343,269
wavelet-HLH,gldm,SmallDependenceEmphasis,wavelet-HLH_gldm_SmallDependenceEmphasis,0.351115334954935,357
wavelet-HLH,gldm,SmallDependenceHighGrayLevelEmphasis,wavelet-HLH_gldm_SmallDependenceHighGrayLevelEmphasis,0.3325103332096018,315
wavelet-HLH,gldm,SmallDependenceLowGrayLevelEmphasis,wavelet-HLH_gldm_SmallDependenceLowGrayLevelEmphasis,0.42982512088159575,473
wavelet-HLH,glrlm,GrayLevelNonUniformity,wavelet-HLH_glrlm_GrayLevelNonUniformity,0.18159135530807,93
wavelet-HLH,glrlm,GrayLevelNonUniformityNormalized,wavelet-HLH_glrlm_GrayLevelNonUniformityNormalized,0.2367965200906248,149
wavelet-HLH,glrlm,GrayLevelVariance,wavelet-HLH_glrlm_GrayLevelVariance,0.23679652009062496,150
wavelet-HLH,glrlm,HighGrayLevelRunEmphasis,wavelet-HLH_glrlm_HighGrayLevelRunEmphasis,0.25138857418009286,161
wavelet-HLH,glrlm,LongRunEmphasis,wavelet-HLH_glrlm_LongRunEmphasis,0.4360260424992001,486
wavelet-HLH,glrlm,LongRunHighGrayLevelEmphasis,wavelet-HLH_glrlm_LongRunHighGrayLevelEmphasis,0.48437340832397724,545
wavelet-HLH,glrlm,LongRunLowGrayLevelEmphasis,wavelet-HLH_glrlm_LongRunLowGrayLevelEmphasis,0.2704114983842514,188
wavelet-HLH,glrlm,LowGrayLevelRunEmphasis,wavelet-HLH_glrlm_LowGrayLevelRunEmphasis,0.25138857418009286,161
wavelet-HLH,glrlm,RunEntropy,wavelet-HLH_glrlm_RunEntropy,0.318756942777651,286
wavelet-HLH,glrlm,RunLengthNonUniformity,wavelet-HLH_glrlm_RunLengthNonUniformity,0.6781122657565246,711
wavelet-HLH,glrlm,RunLengthNonUniformityNormalized,wavelet-HLH_glrlm_RunLengthNonUniformityNormalized,0.38077601666337785,411
wavelet-HLH,glrlm,RunPercentage,wavelet-HLH_glrlm_RunPercentage,0.4482858818993908,506
wavelet-HLH,glrlm,RunVariance,wavelet-HLH_glrlm_RunVariance,0.6037530924158936,669
wavelet-HLH,glrlm,ShortRunEmphasis,wavelet-HLH_glrlm_ShortRunEmphasis,0.34717001355960864,345
wavelet-HLH,glrlm,ShortRunHighGrayLevelEmphasis,wavelet-HLH_glrlm_ShortRunHighGrayLevelEmphasis,0.22146301497553553,131
wavelet-HLH,glrlm,ShortRunLowGrayLevelEmphasis,wavelet-HLH_glrlm_ShortRunLowGrayLevelEmphasis,0.53937663609629,621
wavelet-HLH,glszm,GrayLevelNonUniformity,wavelet-HLH_glszm_GrayLevelNonUniformity,0.5094152882710392,572
wavelet-HLH,glszm,GrayLevelNonUniformityNormalized,wavelet-HLH_glszm_GrayLevelNonUniformityNormalized,0.6659294906189521,709
wavelet-HLH,glszm,GrayLevelVariance,wavelet-HLH_glszm_GrayLevelVariance,0.6659294906189521,709
wavelet-HLH,glszm,HighGrayLevelZoneEmphasis,wavelet-HLH_glszm_HighGrayLevelZoneEmphasis,0.6152308385423036,682
wavelet-HLH,glszm,LargeAreaEmphasis,wavelet-HLH_glszm_LargeAreaEmphasis,0.23392762469824047,147
wavelet-HLH,glszm,LargeAreaHighGrayLevelEmphasis,wavelet-HLH_glszm_LargeAreaHighGrayLevelEmphasis,0.24894224745168203,157
wavelet-HLH,glszm,LargeAreaLowGrayLevelEmphasis,wavelet-HLH_glszm_LargeAreaLowGrayLevelEmphasis,0.22061704913647492,130
wavelet-HLH,glszm,LowGrayLevelZoneEmphasis,wavelet-HLH_glszm_LowGrayLevelZoneEmphasis,0.6152308385423036,682
wavelet-HLH,glszm,SizeZoneNonUniformity,wavelet-HLH_glszm_SizeZoneNonUniformity,0.4321343534263998,475
wavelet-HLH,glszm,SizeZoneNonUniformityNormalized,wavelet-HLH_glszm_SizeZoneNonUniformityNormalized,0.40352655778697066,442
wavelet-HLH,glszm,SmallAreaEmphasis,wavelet-HLH_glszm_SmallAreaEmphasis,0.43460116729889114,479
wavelet-HLH,glszm,SmallAreaHighGrayLevelEmphasis,wavelet-HLH_glszm_SmallAreaHighGrayLevelEmphasis,0.4171810756061606,456
wavelet-HLH,glszm,SmallAreaLowGrayLevelEmphasis,wavelet-HLH_glszm_SmallAreaLowGrayLevelEmphasis,0.5195803859684218,593
wavelet-HLH,glszm,ZoneEntropy,wavelet-HLH_glszm_ZoneEntropy,0.5008666553894927,569
wavelet-HLH,glszm,ZonePercentage,wavelet-HLH_glszm_ZonePercentage,0.33134573802002365,313
wavelet-HLH,glszm,ZoneVariance,wavelet-HLH_glszm_ZoneVariance,0.27903865819416057,203
wavelet-HLH,ngtdm,Busyness,wavelet-HLH_ngtdm_Busyness,0.24979052456398246,158
wavelet-HLH,ngtdm,Coarseness,wavelet-HLH_ngtdm_Coarseness,0.22660071523790576,134
wavelet-HLH,ngtdm,Complexity,wavelet-HLH_ngtdm_Complexity,0.5764637676442995,653
wavelet-HLH,ngtdm,Contrast,wavelet-HLH_ngtdm_Contrast,0.49988272540260453,567
wavelet-HLH,ngtdm,Strength,wavelet-HLH_ngtdm_Strength,0.225052679780412,133
wavelet-HLL,firstorder,10Percentile,wavelet-HLL_firstorder_10Percentile,0.8178083536338643,746
wavelet-HLL,firstorder,90Percentile,wavelet-HLL_firstorder_90Percentile,0.22200523082644777,132
wavelet-HLL,firstorder,Energy,wavelet-HLL_firstorder_Energy,0.07049786350964818,11
wavelet-HLL,firstorder,Entropy,wavelet-HLL_firstorder_Entropy,0.468001798724203,531
wavelet-HLL,firstorder,InterquartileRange,wavelet-HLL_firstorder_InterquartileRange,0.5693635406291594,647
wavelet-HLL,firstorder,Kurtosis,wavelet-HLL_firstorder_Kurtosis,0.39084922112218473,425
wavelet-HLL,firstorder,Maximum,wavelet-HLL_firstorder_Maximum,0.5438993587544075,625
wavelet-HLL,firstorder,Mean,wavelet-HLL_firstorder_Mean,0.11209948897602968,38
wavelet-HLL,firstorder,MeanAbsoluteDeviation,wavelet-HLL_firstorder_MeanAbsoluteDeviation,0.48589902415641834,551
wavelet-HLL,firstorder,Median,wavelet-HLL_firstorder_Median,0.3769103658877299,405
wavelet-HLL,firstorder,Minimum,wavelet-HLL_firstorder_Minimum,0.38427699763957973,415
wavelet-HLL,firstorder,Range,wavelet-HLL_firstorder_Range,0.5180876360446623,589
wavelet-HLL,firstorder,RobustMeanAbsoluteDeviation,wavelet-HLL_firstorder_RobustMeanAbsoluteDeviation,0.5356209317456455,613
wavelet-HLL,firstorder,RootMeanSquared,wavelet-HLL_firstorder_RootMeanSquared,0.10552891904050045,32
wavelet-HLL,firstorder,Skewness,wavelet-HLL_firstorder_Skewness,0.3511066378371513,356
wavelet-HLL,firstorder,TotalEnergy,wavelet-HLL_firstorder_TotalEnergy,0.07049786350964818,11
wavelet-HLL,firstorder,Uniformity,wavelet-HLL_firstorder_Uniformity,0.41255524095109625,449
wavelet-HLL,firstorder,Variance,wavelet-HLL_firstorder_Variance,0.546678920513177,629
wavelet-HLL,glcm,Autocorrelation,wavelet-HLL_glcm_Autocorrelation,0.38050299001039445,409
wavelet-HLL,glcm,ClusterProminence,wavelet-HLL_glcm_ClusterProminence,0.45054538420069384,510
wavelet-HLL,glcm,ClusterShade,wavelet-HLL_glcm_ClusterShade,0.37571198854763366,404
wavelet-HLL,glcm,ClusterTendency,wavelet-HLL_glcm_ClusterTendency,0.33251691037522424,316
wavelet-HLL,glcm,Contrast,wavelet-HLL_glcm_Contrast,1.1235243958406653,770
wavelet-HLL,glcm,Correlation,wavelet-HLL_glcm_Correlation,0.7488711478382762,732
wavelet-HLL,glcm,DifferenceAverage,wavelet-HLL_glcm_DifferenceAverage,1.1481909387177378,773
wavelet-HLL,glcm,DifferenceEntropy,wavelet-HLL_glcm_DifferenceEntropy,0.9073153532388116,756
wavelet-HLL,glcm,DifferenceVariance,wavelet-HLL_glcm_DifferenceVariance,0.6760595423954666,710
wavelet-HLL,glcm,Id,wavelet-HLL_glcm_Id,0.8632736344059594,750
wavelet-HLL,glcm,Idm,wavelet-HLL_glcm_Idm,0.7584913652726353,734
wavelet-HLL,glcm,Idmn,wavelet-HLL_glcm_Idmn,1.04630389199778,762
wavelet-HLL,glcm,Idn,wavelet-HLL_glcm_Idn,1.0513174732892796,763
wavelet-HLL,glcm,Imc1,wavelet-HLL_glcm_Imc1,0.22813523593219193,139
wavelet-HLL,glcm,Imc2,wavelet-HLL_glcm_Imc2,0.13238630330576703,59
wavelet-HLL,glcm,InverseVariance,wavelet-HLL_glcm_InverseVariance,0.8350695426652963,749
wavelet-HLL,glcm,JointAverage,wavelet-HLL_glcm_JointAverage,0.3805078927527918,410
wavelet-HLL,glcm,JointEnergy,wavelet-HLL_glcm_JointEnergy,0.42008204718332326,461
wavelet-HLL,glcm,JointEntropy,wavelet-HLL_glcm_JointEntropy,0.3285993973244889,307
wavelet-HLL,glcm,MaximumProbability,wavelet-HLL_glcm_MaximumProbability,0.628185358258419,689
wavelet-HLL,glcm,SumEntropy,wavelet-HLL_glcm_SumEntropy,0.4956294564182793,564
wavelet-HLL,glcm,SumSquares,wavelet-HLL_glcm_SumSquares,0.6095030004190838,677
wavelet-HLL,gldm,DependenceEntropy,wavelet-HLL_gldm_DependenceEntropy,0.6256584017350925,688
wavelet-HLL,gldm,DependenceNonUniformity,wavelet-HLL_gldm_DependenceNonUniformity,0.6076523933405588,670
wavelet-HLL,gldm,DependenceNonUniformityNormalized,wavelet-HLL_gldm_DependenceNonUniformityNormalized,0.7139161968037437,726
wavelet-HLL,gldm,DependenceVariance,wavelet-HLL_gldm_DependenceVariance,0.4605418850849423,520
wavelet-HLL,gldm,GrayLevelNonUniformity,wavelet-HLL_gldm_GrayLevelNonUniformity,0.20211072115905318,114
wavelet-HLL,gldm,GrayLevelVariance,wavelet-HLL_gldm_GrayLevelVariance,0.5457065224895067,627
wavelet-HLL,gldm,HighGrayLevelEmphasis,wavelet-HLL_gldm_HighGrayLevelEmphasis,0.39018984378834776,422
wavelet-HLL,gldm,LargeDependenceEmphasis,wavelet-HLL_gldm_LargeDependenceEmphasis,0.4858853775456126,550
wavelet-HLL,gldm,LargeDependenceHighGrayLevelEmphasis,wavelet-HLL_gldm_LargeDependenceHighGrayLevelEmphasis,0.3054808200027958,262
wavelet-HLL,gldm,LargeDependenceLowGrayLevelEmphasis,wavelet-HLL_gldm_LargeDependenceLowGrayLevelEmphasis,0.4372160279376071,490
wavelet-HLL,gldm,LowGrayLevelEmphasis,wavelet-HLL_gldm_LowGrayLevelEmphasis,0.4288500089021848,471
wavelet-HLL,gldm,SmallDependenceEmphasis,wavelet-HLL_gldm_SmallDependenceEmphasis,0.5892478653129931,665
wavelet-HLL,gldm,SmallDependenceHighGrayLevelEmphasis,wavelet-HLL_gldm_SmallDependenceHighGrayLevelEmphasis,0.44106409561890647,496
wavelet-HLL,gldm,SmallDependenceLowGrayLevelEmphasis,wavelet-HLL_gldm_SmallDependenceLowGrayLevelEmphasis,0.42109995313851284,463
wavelet-HLL,glrlm,GrayLevelNonUniformity,wavelet-HLL_glrlm_GrayLevelNonUniformity,0.19792689479346193,109
wavelet-HLL,glrlm,GrayLevelNonUniformityNormalized,wavelet-HLL_glrlm_GrayLevelNonUniformityNormalized,0.41687558106439127,453
wavelet-HLL,glrlm,GrayLevelVariance,wavelet-HLL_glrlm_GrayLevelVariance,0.5418832995215218,623
wavelet-HLL,glrlm,HighGrayLevelRunEmphasis,wavelet-HLL_glrlm_HighGrayLevelRunEmphasis,0.3912991351425939,426
wavelet-HLL,glrlm,LongRunEmphasis,wavelet-HLL_glrlm_LongRunEmphasis,0.4851910800365361,547
wavelet-HLL,glrlm,LongRunHighGrayLevelEmphasis,wavelet-HLL_glrlm_LongRunHighGrayLevelEmphasis,0.3671458111052635,388
wavelet-HLL,glrlm,LongRunLowGrayLevelEmphasis,wavelet-HLL_glrlm_LongRunLowGrayLevelEmphasis,0.42361098283697746,466
wavelet-HLL,glrlm,LowGrayLevelRunEmphasis,wavelet-HLL_glrlm_LowGrayLevelRunEmphasis,0.41955884453451464,460
wavelet-HLL,glrlm,RunEntropy,wavelet-HLL_glrlm_RunEntropy,0.48561595807010716,548
wavelet-HLL,glrlm,RunLengthNonUniformity,wavelet-HLL_glrlm_RunLengthNonUniformity,0.12096829681752848,50
wavelet-HLL,glrlm,RunLengthNonUniformityNormalized,wavelet-HLL_glrlm_RunLengthNonUniformityNormalized,0.5601869285692898,640
wavelet-HLL,glrlm,RunPercentage,wavelet-HLL_glrlm_RunPercentage,0.5287794713340177,603
wavelet-HLL,glrlm,RunVariance,wavelet-HLL_glrlm_RunVariance,0.43621618934710865,487
wavelet-HLL,glrlm,ShortRunEmphasis,wavelet-HLL_glrlm_ShortRunEmphasis,0.5464966103439532,628
wavelet-HLL,glrlm,ShortRunHighGrayLevelEmphasis,wavelet-HLL_glrlm_ShortRunHighGrayLevelEmphasis,0.39797572031535905,434
wavelet-HLL,glrlm,ShortRunLowGrayLevelEmphasis,wavelet-HLL_glrlm_ShortRunLowGrayLevelEmphasis,0.41779030486796864,458
wavelet-HLL,glszm,GrayLevelNonUniformity,wavelet-HLL_glszm_GrayLevelNonUniformity,0.19400864733853004,103
wavelet-HLL,glszm,GrayLevelNonUniformityNormalized,wavelet-HLL_glszm_GrayLevelNonUniformityNormalized,0.4289361224714615,472
wavelet-HLL,glszm,GrayLevelVariance,wavelet-HLL_glszm_GrayLevelVariance,0.5301902851785429,607
wavelet-HLL,glszm,HighGrayLevelZoneEmphasis,wavelet-HLL_glszm_HighGrayLevelZoneEmphasis,0.3938012674137999,430
wavelet-HLL,glszm,LargeAreaEmphasis,wavelet-HLL_glszm_LargeAreaEmphasis,0.37918581244349125,408
wavelet-HLL,glszm,LargeAreaHighGrayLevelEmphasis,wavelet-HLL_glszm_LargeAreaHighGrayLevelEmphasis,0.3268099698736771,301
wavelet-HLL,glszm,LargeAreaLowGrayLevelEmphasis,wavelet-HLL_glszm_LargeAreaLowGrayLevelEmphasis,0.39238771340457895,428
wavelet-HLL,glszm,LowGrayLevelZoneEmphasis,wavelet-HLL_glszm_LowGrayLevelZoneEmphasis,0.398064011284987,435
wavelet-HLL,glszm,SizeZoneNonUniformity,wavelet-HLL_glszm_SizeZoneNonUniformity,0.5124318828618049,579
wavelet-HLL,glszm,SizeZoneNonUniformityNormalized,wavelet-HLL_glszm_SizeZoneNonUniformityNormalized,0.6330042799050679,693
wavelet-HLL,glszm,SmallAreaEmphasis,wavelet-HLL_glszm_SmallAreaEmphasis,0.5763301751200692,652
wavelet-HLL,glszm,SmallAreaHighGrayLevelEmphasis,wavelet-HLL_glszm_SmallAreaHighGrayLevelEmphasis,0.4170740879374416,455
wavelet-HLL,glszm,SmallAreaLowGrayLevelEmphasis,wavelet-HLL_glszm_SmallAreaLowGrayLevelEmphasis,0.40136395372611383,438
wavelet-HLL,glszm,ZoneEntropy,wavelet-HLL_glszm_ZoneEntropy,0.5578135006225285,637
wavelet-HLL,glszm,ZonePercentage,wavelet-HLL_glszm_ZonePercentage,0.5382416488857843,619
wavelet-HLL,glszm,ZoneVariance,wavelet-HLL_glszm_ZoneVariance,0.300886779428556,247
wavelet-HLL,ngtdm,Busyness,wavelet-HLL_ngtdm_Busyness,0.3036697773131388,256
wavelet-HLL,ngtdm,Coarseness,wavelet-HLL_ngtdm_Coarseness,0.4215264851689157,465
wavelet-HLL,ngtdm,Complexity,wavelet-HLL_ngtdm_Complexity,0.986933698131058,761
wavelet-HLL,ngtdm,Contrast,wavelet-HLL_ngtdm_Contrast,0.7742275534043809,740
wavelet-HLL,ngtdm,Strength,wavelet-HLL_ngtdm_Strength,0.2547294724063562,164
wavelet-LHH,firstorder,10Percentile,wavelet-LHH_firstorder_10Percentile,0.9541009682755632,759
wavelet-LHH,firstorder,90Percentile,wavelet-LHH_firstorder_90Percentile,0.274531802135753,198
wavelet-LHH,firstorder,Energy,wavelet-LHH_firstorder_Energy,0,1
wavelet-LHH,firstorder,Entropy,wavelet-LHH_firstorder_Entropy,0.27592425457518416,200
wavelet-LHH,firstorder,InterquartileRange,wavelet-LHH_firstorder_InterquartileRange,0.38086817909519705,412
wavelet-LHH,firstorder,Kurtosis,wavelet-LHH_firstorder_Kurtosis,0.4008041521525891,437
wavelet-LHH,firstorder,Maximum,wavelet-LHH_firstorder_Maximum,0.4355013810130416,483
wavelet-LHH,firstorder,Mean,wavelet-LHH_firstorder_Mean,0.1619597227556583,83
wavelet-LHH,firstorder,MeanAbsoluteDeviation,wavelet-LHH_firstorder_MeanAbsoluteDeviation,0.37154342478952546,397
wavelet-LHH,firstorder,Median,wavelet-LHH_firstorder_Median,0.22056840946191683,129
wavelet-LHH,firstorder,Minimum,wavelet-LHH_firstorder_Minimum,0.5181992067458112,590
wavelet-LHH,firstorder,Range,wavelet-LHH_firstorder_Range,0.4886653688389071,554
wavelet-LHH,firstorder,RobustMeanAbsoluteDeviation,wavelet-LHH_firstorder_RobustMeanAbsoluteDeviation,0.3753063768451775,403
wavelet-LHH,firstorder,RootMeanSquared,wavelet-LHH_firstorder_RootMeanSquared,NA,NA
wavelet-LHH,firstorder,Skewness,wavelet-LHH_firstorder_Skewness,0.4918705897619967,557
wavelet-LHH,firstorder,TotalEnergy,wavelet-LHH_firstorder_TotalEnergy,0,1
wavelet-LHH,firstorder,Uniformity,wavelet-LHH_firstorder_Uniformity,0.2773647816679339,202
wavelet-LHH,firstorder,Variance,wavelet-LHH_firstorder_Variance,0.4406875701943574,495
wavelet-LHH,glcm,Autocorrelation,wavelet-LHH_glcm_Autocorrelation,0.28127554425274864,207
wavelet-LHH,glcm,ClusterProminence,wavelet-LHH_glcm_ClusterProminence,0.4955591014183791,563
wavelet-LHH,glcm,ClusterShade,wavelet-LHH_glcm_ClusterShade,0.37240550662522404,399
wavelet-LHH,glcm,ClusterTendency,wavelet-LHH_glcm_ClusterTendency,0.3013326633915279,251
wavelet-LHH,glcm,Contrast,wavelet-LHH_glcm_Contrast,0.4028848026470579,439
wavelet-LHH,glcm,Correlation,wavelet-LHH_glcm_Correlation,0.6641449959581678,708
wavelet-LHH,glcm,DifferenceAverage,wavelet-LHH_glcm_DifferenceAverage,0.4028848026470579,439
wavelet-LHH,glcm,DifferenceEntropy,wavelet-LHH_glcm_DifferenceEntropy,0.326412196667283,300
wavelet-LHH,glcm,DifferenceVariance,wavelet-LHH_glcm_DifferenceVariance,0.32682216108623796,302
wavelet-LHH,glcm,Id,wavelet-LHH_glcm_Id,0.40288480264705806,440
wavelet-LHH,glcm,Idm,wavelet-LHH_glcm_Idm,0.40288480264705806,440
wavelet-LHH,glcm,Idmn,wavelet-LHH_glcm_Idmn,0.4028848026470581,441
wavelet-LHH,glcm,Idn,wavelet-LHH_glcm_Idn,0.4028848026470579,439
wavelet-LHH,glcm,Imc1,wavelet-LHH_glcm_Imc1,0.5266264618308596,601
wavelet-LHH,glcm,Imc2,wavelet-LHH_glcm_Imc2,0.5943842578953457,666
wavelet-LHH,glcm,InverseVariance,wavelet-LHH_glcm_InverseVariance,0.4028848026470579,439
wavelet-LHH,glcm,JointAverage,wavelet-LHH_glcm_JointAverage,0.2711736489323753,191
wavelet-LHH,glcm,JointEnergy,wavelet-LHH_glcm_JointEnergy,0.26536988781441356,180
wavelet-LHH,glcm,JointEntropy,wavelet-LHH_glcm_JointEntropy,0.26322323999237546,176
wavelet-LHH,glcm,MaximumProbability,wavelet-LHH_glcm_MaximumProbability,0.28792888780043085,218
wavelet-LHH,glcm,SumEntropy,wavelet-LHH_glcm_SumEntropy,0.26756182930645067,186
wavelet-LHH,glcm,SumSquares,wavelet-LHH_glcm_SumSquares,0.26469599790975706,179
wavelet-LHH,gldm,DependenceEntropy,wavelet-LHH_gldm_DependenceEntropy,0.35017080983885795,353
wavelet-LHH,gldm,DependenceNonUniformity,wavelet-LHH_gldm_DependenceNonUniformity,0.19059345027219213,100
wavelet-LHH,gldm,DependenceNonUniformityNormalized,wavelet-LHH_gldm_DependenceNonUniformityNormalized,0.4880474480577789,553
wavelet-LHH,gldm,DependenceVariance,wavelet-LHH_gldm_DependenceVariance,0.3896160227161521,419
wavelet-LHH,gldm,GrayLevelNonUniformity,wavelet-LHH_gldm_GrayLevelNonUniformity,0.2266712471178796,135
wavelet-LHH,gldm,GrayLevelVariance,wavelet-LHH_gldm_GrayLevelVariance,0.2773647816679338,201
wavelet-LHH,gldm,HighGrayLevelEmphasis,wavelet-LHH_gldm_HighGrayLevelEmphasis,0.2836109703920767,211
wavelet-LHH,gldm,LargeDependenceEmphasis,wavelet-LHH_gldm_LargeDependenceEmphasis,0.6588342523786813,705
wavelet-LHH,gldm,LargeDependenceHighGrayLevelEmphasis,wavelet-LHH_gldm_LargeDependenceHighGrayLevelEmphasis,0.523745328435685,596
wavelet-LHH,gldm,LargeDependenceLowGrayLevelEmphasis,wavelet-LHH_gldm_LargeDependenceLowGrayLevelEmphasis,0.26601717426872706,182
wavelet-LHH,gldm,LowGrayLevelEmphasis,wavelet-LHH_gldm_LowGrayLevelEmphasis,0.2836109703920767,211
wavelet-LHH,gldm,SmallDependenceEmphasis,wavelet-LHH_gldm_SmallDependenceEmphasis,0.3702252145252305,394
wavelet-LHH,gldm,SmallDependenceHighGrayLevelEmphasis,wavelet-LHH_gldm_SmallDependenceHighGrayLevelEmphasis,0.3731504119575249,401
wavelet-LHH,gldm,SmallDependenceLowGrayLevelEmphasis,wavelet-LHH_gldm_SmallDependenceLowGrayLevelEmphasis,0.40404463465056084,443
wavelet-LHH,glrlm,GrayLevelNonUniformity,wavelet-LHH_glrlm_GrayLevelNonUniformity,0.15748315577871716,78
wavelet-LHH,glrlm,GrayLevelNonUniformityNormalized,wavelet-LHH_glrlm_GrayLevelNonUniformityNormalized,0.25931059249524935,170
wavelet-LHH,glrlm,GrayLevelVariance,wavelet-LHH_glrlm_GrayLevelVariance,0.2593105924952494,171
wavelet-LHH,glrlm,HighGrayLevelRunEmphasis,wavelet-LHH_glrlm_HighGrayLevelRunEmphasis,0.2639304530655773,178
wavelet-LHH,glrlm,LongRunEmphasis,wavelet-LHH_glrlm_LongRunEmphasis,0.608249356599816,673
wavelet-LHH,glrlm,LongRunHighGrayLevelEmphasis,wavelet-LHH_glrlm_LongRunHighGrayLevelEmphasis,0.5190900235614128,592
wavelet-LHH,glrlm,LongRunLowGrayLevelEmphasis,wavelet-LHH_glrlm_LongRunLowGrayLevelEmphasis,0.32628749647854044,299
wavelet-LHH,glrlm,LowGrayLevelRunEmphasis,wavelet-LHH_glrlm_LowGrayLevelRunEmphasis,0.2639304530655772,177
wavelet-LHH,glrlm,RunEntropy,wavelet-LHH_glrlm_RunEntropy,0.354978201278238,361
wavelet-LHH,glrlm,RunLengthNonUniformity,wavelet-LHH_glrlm_RunLengthNonUniformity,0.43154415395129614,474
wavelet-LHH,glrlm,RunLengthNonUniformityNormalized,wavelet-LHH_glrlm_RunLengthNonUniformityNormalized,0.6565423382415092,703
wavelet-LHH,glrlm,RunPercentage,wavelet-LHH_glrlm_RunPercentage,0.7344636479061278,729
wavelet-LHH,glrlm,RunVariance,wavelet-LHH_glrlm_RunVariance,0.5362952178064941,617
wavelet-LHH,glrlm,ShortRunEmphasis,wavelet-LHH_glrlm_ShortRunEmphasis,0.5268652622176946,602
wavelet-LHH,glrlm,ShortRunHighGrayLevelEmphasis,wavelet-LHH_glrlm_ShortRunHighGrayLevelEmphasis,0.3494159962711235,351
wavelet-LHH,glrlm,ShortRunLowGrayLevelEmphasis,wavelet-LHH_glrlm_ShortRunLowGrayLevelEmphasis,0.6022011406453276,668
wavelet-LHH,glszm,GrayLevelNonUniformity,wavelet-LHH_glszm_GrayLevelNonUniformity,0.6104776516180487,679
wavelet-LHH,glszm,GrayLevelNonUniformityNormalized,wavelet-LHH_glszm_GrayLevelNonUniformityNormalized,0.5163650180307715,587
wavelet-LHH,glszm,GrayLevelVariance,wavelet-LHH_glszm_GrayLevelVariance,0.5163650180307715,587
wavelet-LHH,glszm,HighGrayLevelZoneEmphasis,wavelet-LHH_glszm_HighGrayLevelZoneEmphasis,0.495371919232922,562
wavelet-LHH,glszm,LargeAreaEmphasis,wavelet-LHH_glszm_LargeAreaEmphasis,0.26742454099504664,185
wavelet-LHH,glszm,LargeAreaHighGrayLevelEmphasis,wavelet-LHH_glszm_LargeAreaHighGrayLevelEmphasis,0.27974596250679457,205
wavelet-LHH,glszm,LargeAreaLowGrayLevelEmphasis,wavelet-LHH_glszm_LargeAreaLowGrayLevelEmphasis,0.23293084392683255,146
wavelet-LHH,glszm,LowGrayLevelZoneEmphasis,wavelet-LHH_glszm_LowGrayLevelZoneEmphasis,0.49537191923292184,561
wavelet-LHH,glszm,SizeZoneNonUniformity,wavelet-LHH_glszm_SizeZoneNonUniformity,0.33809237954079896,321
wavelet-LHH,glszm,SizeZoneNonUniformityNormalized,wavelet-LHH_glszm_SizeZoneNonUniformityNormalized,0.261841673352302,174
wavelet-LHH,glszm,SmallAreaEmphasis,wavelet-LHH_glszm_SmallAreaEmphasis,0.3013807714858944,253
wavelet-LHH,glszm,SmallAreaHighGrayLevelEmphasis,wavelet-LHH_glszm_SmallAreaHighGrayLevelEmphasis,0.3485681830630536,350
wavelet-LHH,glszm,SmallAreaLowGrayLevelEmphasis,wavelet-LHH_glszm_SmallAreaLowGrayLevelEmphasis,0.32996073755953154,309
wavelet-LHH,glszm,ZoneEntropy,wavelet-LHH_glszm_ZoneEntropy,0.3454374839369614,342
wavelet-LHH,glszm,ZonePercentage,wavelet-LHH_glszm_ZonePercentage,0.43470243858363133,480
wavelet-LHH,glszm,ZoneVariance,wavelet-LHH_glszm_ZoneVariance,0.2745244217517423,197
wavelet-LHH,ngtdm,Busyness,wavelet-LHH_ngtdm_Busyness,0.2193637142986076,128
wavelet-LHH,ngtdm,Coarseness,wavelet-LHH_ngtdm_Coarseness,0.2280804248101034,138
wavelet-LHH,ngtdm,Complexity,wavelet-LHH_ngtdm_Complexity,0.4322681140917948,476
wavelet-LHH,ngtdm,Contrast,wavelet-LHH_ngtdm_Contrast,0.370922340544193,395
wavelet-LHH,ngtdm,Strength,wavelet-LHH_ngtdm_Strength,0.22691170122837104,136
wavelet-LHL,firstorder,10Percentile,wavelet-LHL_firstorder_10Percentile,0.870495556549401,752
wavelet-LHL,firstorder,90Percentile,wavelet-LHL_firstorder_90Percentile,0.2073746071090599,116
wavelet-LHL,firstorder,Energy,wavelet-LHL_firstorder_Energy,0.09320281777898841,24
wavelet-LHL,firstorder,Entropy,wavelet-LHL_firstorder_Entropy,0.4440794542502019,499
wavelet-LHL,firstorder,InterquartileRange,wavelet-LHL_firstorder_InterquartileRange,0.46048882089645893,519
wavelet-LHL,firstorder,Kurtosis,wavelet-LHL_firstorder_Kurtosis,0.31713590234405276,283
wavelet-LHL,firstorder,Maximum,wavelet-LHL_firstorder_Maximum,0.3364756457810807,319
wavelet-LHL,firstorder,Mean,wavelet-LHL_firstorder_Mean,0.10597656924188732,34
wavelet-LHL,firstorder,MeanAbsoluteDeviation,wavelet-LHL_firstorder_MeanAbsoluteDeviation,0.4158636923344256,450
wavelet-LHL,firstorder,Median,wavelet-LHL_firstorder_Median,0.1935262214309801,102
wavelet-LHL,firstorder,Minimum,wavelet-LHL_firstorder_Minimum,0.6079084997652122,671
wavelet-LHL,firstorder,Range,wavelet-LHL_firstorder_Range,0.4613322123031429,523
wavelet-LHL,firstorder,RobustMeanAbsoluteDeviation,wavelet-LHL_firstorder_RobustMeanAbsoluteDeviation,0.4337209578208449,477
wavelet-LHL,firstorder,RootMeanSquared,wavelet-LHL_firstorder_RootMeanSquared,0.08237383791809179,17
wavelet-LHL,firstorder,Skewness,wavelet-LHL_firstorder_Skewness,0.4449023009201444,501
wavelet-LHL,firstorder,TotalEnergy,wavelet-LHL_firstorder_TotalEnergy,0.09320281777898841,24
wavelet-LHL,firstorder,Uniformity,wavelet-LHL_firstorder_Uniformity,0.3603095999338362,374
wavelet-LHL,firstorder,Variance,wavelet-LHL_firstorder_Variance,0.4807355560321098,541
wavelet-LHL,glcm,Autocorrelation,wavelet-LHL_glcm_Autocorrelation,0.6133862792720745,681
wavelet-LHL,glcm,ClusterProminence,wavelet-LHL_glcm_ClusterProminence,0.36449277057848495,378
wavelet-LHL,glcm,ClusterShade,wavelet-LHL_glcm_ClusterShade,0.3656237637749245,382
wavelet-LHL,glcm,ClusterTendency,wavelet-LHL_glcm_ClusterTendency,0.25654084483158324,165
wavelet-LHL,glcm,Contrast,wavelet-LHL_glcm_Contrast,0.7964199819321794,742
wavelet-LHL,glcm,Correlation,wavelet-LHL_glcm_Correlation,0.8312223860226007,748
wavelet-LHL,glcm,DifferenceAverage,wavelet-LHL_glcm_DifferenceAverage,0.7145361372686576,727
wavelet-LHL,glcm,DifferenceEntropy,wavelet-LHL_glcm_DifferenceEntropy,0.5853100567632911,659
wavelet-LHL,glcm,DifferenceVariance,wavelet-LHL_glcm_DifferenceVariance,0.5816400563603819,656
wavelet-LHL,glcm,Id,wavelet-LHL_glcm_Id,0.4871566875030079,552
wavelet-LHL,glcm,Idm,wavelet-LHL_glcm_Idm,0.43525380691988386,481
wavelet-LHL,glcm,Idmn,wavelet-LHL_glcm_Idmn,0.8116413786644641,745
wavelet-LHL,glcm,Idn,wavelet-LHL_glcm_Idn,0.6848874408904885,714
wavelet-LHL,glcm,Imc1,wavelet-LHL_glcm_Imc1,0.19437424008200493,104
wavelet-LHL,glcm,Imc2,wavelet-LHL_glcm_Imc2,0.11736882259188668,44
wavelet-LHL,glcm,InverseVariance,wavelet-LHL_glcm_InverseVariance,0.4370824684010474,489
wavelet-LHL,glcm,JointAverage,wavelet-LHL_glcm_JointAverage,0.5799210278596145,655
wavelet-LHL,glcm,JointEnergy,wavelet-LHL_glcm_JointEnergy,0.44456879947880784,500
wavelet-LHL,glcm,JointEntropy,wavelet-LHL_glcm_JointEntropy,0.307917540119592,266
wavelet-LHL,glcm,MaximumProbability,wavelet-LHL_glcm_MaximumProbability,0.6229543890651198,686
wavelet-LHL,glcm,SumEntropy,wavelet-LHL_glcm_SumEntropy,0.33972008436806045,329
wavelet-LHL,glcm,SumSquares,wavelet-LHL_glcm_SumSquares,0.45136910444328565,511
wavelet-LHL,gldm,DependenceEntropy,wavelet-LHL_gldm_DependenceEntropy,0.535949886642135,614
wavelet-LHL,gldm,DependenceNonUniformity,wavelet-LHL_gldm_DependenceNonUniformity,0.512446610160212,580
wavelet-LHL,gldm,DependenceNonUniformityNormalized,wavelet-LHL_gldm_DependenceNonUniformityNormalized,0.41781963314760007,459
wavelet-LHL,gldm,DependenceVariance,wavelet-LHL_gldm_DependenceVariance,0.36680725141147164,386
wavelet-LHL,gldm,GrayLevelNonUniformity,wavelet-LHL_gldm_GrayLevelNonUniformity,0.17124706217311197,87
wavelet-LHL,gldm,GrayLevelVariance,wavelet-LHL_gldm_GrayLevelVariance,0.48171397387360293,543
wavelet-LHL,gldm,HighGrayLevelEmphasis,wavelet-LHL_gldm_HighGrayLevelEmphasis,0.6358089287840253,697
wavelet-LHL,gldm,LargeDependenceEmphasis,wavelet-LHL_gldm_LargeDependenceEmphasis,0.33826604517727277,323
wavelet-LHL,gldm,LargeDependenceHighGrayLevelEmphasis,wavelet-LHL_gldm_LargeDependenceHighGrayLevelEmphasis,0.5297062094914062,606
wavelet-LHL,gldm,LargeDependenceLowGrayLevelEmphasis,wavelet-LHL_gldm_LargeDependenceLowGrayLevelEmphasis,0.3432770391174837,336
wavelet-LHL,gldm,LowGrayLevelEmphasis,wavelet-LHL_gldm_LowGrayLevelEmphasis,0.5238409004736472,597
wavelet-LHL,gldm,SmallDependenceEmphasis,wavelet-LHL_gldm_SmallDependenceEmphasis,0.37129244741816375,396
wavelet-LHL,gldm,SmallDependenceHighGrayLevelEmphasis,wavelet-LHL_gldm_SmallDependenceHighGrayLevelEmphasis,0.6325780217330458,692
wavelet-LHL,gldm,SmallDependenceLowGrayLevelEmphasis,wavelet-LHL_gldm_SmallDependenceLowGrayLevelEmphasis,0.5017744407353371,570
wavelet-LHL,glrlm,GrayLevelNonUniformity,wavelet-LHL_glrlm_GrayLevelNonUniformity,0.17183635133184239,88
wavelet-LHL,glrlm,GrayLevelNonUniformityNormalized,wavelet-LHL_glrlm_GrayLevelNonUniformityNormalized,0.3649669804416025,379
wavelet-LHL,glrlm,GrayLevelVariance,wavelet-LHL_glrlm_GrayLevelVariance,0.4844307959681815,546
wavelet-LHL,glrlm,HighGrayLevelRunEmphasis,wavelet-LHL_glrlm_HighGrayLevelRunEmphasis,0.6349811208699707,694
wavelet-LHL,glrlm,LongRunEmphasis,wavelet-LHL_glrlm_LongRunEmphasis,0.33904033728117505,327
wavelet-LHL,glrlm,LongRunHighGrayLevelEmphasis,wavelet-LHL_glrlm_LongRunHighGrayLevelEmphasis,0.6286884477960656,690
wavelet-LHL,glrlm,LongRunLowGrayLevelEmphasis,wavelet-LHL_glrlm_LongRunLowGrayLevelEmphasis,0.508735176240921,571
wavelet-LHL,glrlm,LowGrayLevelRunEmphasis,wavelet-LHL_glrlm_LowGrayLevelRunEmphasis,0.5246771479744339,599
wavelet-LHL,glrlm,RunEntropy,wavelet-LHL_glrlm_RunEntropy,0.5361553324160229,616
wavelet-LHL,glrlm,RunLengthNonUniformity,wavelet-LHL_glrlm_RunLengthNonUniformity,0.10346370790593029,30
wavelet-LHL,glrlm,RunLengthNonUniformityNormalized,wavelet-LHL_glrlm_RunLengthNonUniformityNormalized,0.35514185065951237,362
wavelet-LHL,glrlm,RunPercentage,wavelet-LHL_glrlm_RunPercentage,0.3483502528776679,349
wavelet-LHL,glrlm,RunVariance,wavelet-LHL_glrlm_RunVariance,0.33813867849725143,322
wavelet-LHL,glrlm,ShortRunEmphasis,wavelet-LHL_glrlm_ShortRunEmphasis,0.34822433788259854,348
wavelet-LHL,glrlm,ShortRunHighGrayLevelEmphasis,wavelet-LHL_glrlm_ShortRunHighGrayLevelEmphasis,0.635606292739214,696
wavelet-LHL,glrlm,ShortRunLowGrayLevelEmphasis,wavelet-LHL_glrlm_ShortRunLowGrayLevelEmphasis,0.5239269589486146,598
wavelet-LHL,glszm,GrayLevelNonUniformity,wavelet-LHL_glszm_GrayLevelNonUniformity,0.18681357112229519,97
wavelet-LHL,glszm,GrayLevelNonUniformityNormalized,wavelet-LHL_glszm_GrayLevelNonUniformityNormalized,0.39083850498491784,424
wavelet-LHL,glszm,GrayLevelVariance,wavelet-LHL_glszm_GrayLevelVariance,0.49509154343364004,560
wavelet-LHL,glszm,HighGrayLevelZoneEmphasis,wavelet-LHL_glszm_HighGrayLevelZoneEmphasis,0.6324835721449765,691
wavelet-LHL,glszm,LargeAreaEmphasis,wavelet-LHL_glszm_LargeAreaEmphasis,0.3099531727505958,271
wavelet-LHL,glszm,LargeAreaHighGrayLevelEmphasis,wavelet-LHL_glszm_LargeAreaHighGrayLevelEmphasis,0.5653906521164411,644
wavelet-LHL,glszm,LargeAreaLowGrayLevelEmphasis,wavelet-LHL_glszm_LargeAreaLowGrayLevelEmphasis,0.4518183105255642,514
wavelet-LHL,glszm,LowGrayLevelZoneEmphasis,wavelet-LHL_glszm_LowGrayLevelZoneEmphasis,0.5110022820392099,576
wavelet-LHL,glszm,SizeZoneNonUniformity,wavelet-LHL_glszm_SizeZoneNonUniformity,0.4728158683262888,533
wavelet-LHL,glszm,SizeZoneNonUniformityNormalized,wavelet-LHL_glszm_SizeZoneNonUniformityNormalized,0.3967940397643388,433
wavelet-LHL,glszm,SmallAreaEmphasis,wavelet-LHL_glszm_SmallAreaEmphasis,0.3668313154313726,387
wavelet-LHL,glszm,SmallAreaHighGrayLevelEmphasis,wavelet-LHL_glszm_SmallAreaHighGrayLevelEmphasis,0.6353408239109972,695
wavelet-LHL,glszm,SmallAreaLowGrayLevelEmphasis,wavelet-LHL_glszm_SmallAreaLowGrayLevelEmphasis,0.49182062418309497,556
wavelet-LHL,glszm,ZoneEntropy,wavelet-LHL_glszm_ZoneEntropy,0.5762269672087967,651
wavelet-LHL,glszm,ZonePercentage,wavelet-LHL_glszm_ZonePercentage,0.35554550638001525,364
wavelet-LHL,glszm,ZoneVariance,wavelet-LHL_glszm_ZoneVariance,0.3037838455646816,258
wavelet-LHL,ngtdm,Busyness,wavelet-LHL_ngtdm_Busyness,0.44262190883901037,497
wavelet-LHL,ngtdm,Coarseness,wavelet-LHL_ngtdm_Coarseness,0.4630246455085608,525
wavelet-LHL,ngtdm,Complexity,wavelet-LHL_ngtdm_Complexity,0.9056890936315376,755
wavelet-LHL,ngtdm,Contrast,wavelet-LHL_ngtdm_Contrast,0.586373248560169,661
wavelet-LHL,ngtdm,Strength,wavelet-LHL_ngtdm_Strength,0.27931889451026076,204
wavelet-LLH,firstorder,10Percentile,wavelet-LLH_firstorder_10Percentile,0.13063456649534433,57
wavelet-LLH,firstorder,90Percentile,wavelet-LLH_firstorder_90Percentile,0.19440099094227742,105
wavelet-LLH,firstorder,Energy,wavelet-LLH_firstorder_Energy,4.912601490914534e-17,3
wavelet-LLH,firstorder,Entropy,wavelet-LLH_firstorder_Entropy,0.27106720926350036,189
wavelet-LLH,firstorder,InterquartileRange,wavelet-LLH_firstorder_InterquartileRange,0.21252299346125883,118
wavelet-LLH,firstorder,Kurtosis,wavelet-LLH_firstorder_Kurtosis,0.3907507272020953,423
wavelet-LLH,firstorder,Maximum,wavelet-LLH_firstorder_Maximum,0.47781697551370383,538
wavelet-LLH,firstorder,Mean,wavelet-LLH_firstorder_Mean,0.10359096271926244,31
wavelet-LLH,firstorder,MeanAbsoluteDeviation,wavelet-LLH_firstorder_MeanAbsoluteDeviation,0.2914757242671234,230
wavelet-LLH,firstorder,Median,wavelet-LLH_firstorder_Median,0.08602778048434538,20
wavelet-LLH,firstorder,Minimum,wavelet-LLH_firstorder_Minimum,0.5597890261987755,639
wavelet-LLH,firstorder,Range,wavelet-LLH_firstorder_Range,0.4774995153267758,537
wavelet-LLH,firstorder,RobustMeanAbsoluteDeviation,wavelet-LLH_firstorder_RobustMeanAbsoluteDeviation,0.19573884181374224,107
wavelet-LLH,firstorder,RootMeanSquared,wavelet-LLH_firstorder_RootMeanSquared,NA,NA
wavelet-LLH,firstorder,Skewness,wavelet-LLH_firstorder_Skewness,0.3009810427561953,248
wavelet-LLH,firstorder,TotalEnergy,wavelet-LLH_firstorder_TotalEnergy,4.312539485409815e-17,2
wavelet-LLH,firstorder,Uniformity,wavelet-LLH_firstorder_Uniformity,0.28138190795396384,208
wavelet-LLH,firstorder,Variance,wavelet-LLH_firstorder_Variance,0.38983963367607266,420
wavelet-LLH,glcm,Autocorrelation,wavelet-LLH_glcm_Autocorrelation,0.27278774083593327,193
wavelet-LLH,glcm,ClusterProminence,wavelet-LLH_glcm_ClusterProminence,0.37232508136437187,398
wavelet-LLH,glcm,ClusterShade,wavelet-LLH_glcm_ClusterShade,0.33880567792498967,325
wavelet-LLH,glcm,ClusterTendency,wavelet-LLH_glcm_ClusterTendency,0.3317676387178424,314
wavelet-LLH,glcm,Contrast,wavelet-LLH_glcm_Contrast,0.299202891377882,239
wavelet-LLH,glcm,Correlation,wavelet-LLH_glcm_Correlation,0.3788670261729136,407
wavelet-LLH,glcm,DifferenceAverage,wavelet-LLH_glcm_DifferenceAverage,0.299202891377882,239
wavelet-LLH,glcm,DifferenceEntropy,wavelet-LLH_glcm_DifferenceEntropy,0.2864340241529018,215
wavelet-LLH,glcm,DifferenceVariance,wavelet-LLH_glcm_DifferenceVariance,0.29000706993138764,224
wavelet-LLH,glcm,Id,wavelet-LLH_glcm_Id,0.29920289137788236,242
wavelet-LLH,glcm,Idm,wavelet-LLH_glcm_Idm,0.29920289137788236,242
wavelet-LLH,glcm,Idmn,wavelet-LLH_glcm_Idmn,0.29920289137788214,241
wavelet-LLH,glcm,Idn,wavelet-LLH_glcm_Idn,0.2992028913778821,240
wavelet-LLH,glcm,Imc1,wavelet-LLH_glcm_Imc1,0.3682278034627999,390
wavelet-LLH,glcm,Imc2,wavelet-LLH_glcm_Imc2,0.3013730797210592,252
wavelet-LLH,glcm,InverseVariance,wavelet-LLH_glcm_InverseVariance,0.299202891377882,239
wavelet-LLH,glcm,JointAverage,wavelet-LLH_glcm_JointAverage,0.25785513135138777,169
wavelet-LLH,glcm,JointEnergy,wavelet-LLH_glcm_JointEnergy,0.3012649143889185,250
wavelet-LLH,glcm,JointEntropy,wavelet-LLH_glcm_JointEntropy,0.3027521277520952,255
wavelet-LLH,glcm,MaximumProbability,wavelet-LLH_glcm_MaximumProbability,0.3113331127676157,273
wavelet-LLH,glcm,SumEntropy,wavelet-LLH_glcm_SumEntropy,0.30476611762681455,260
wavelet-LLH,glcm,SumSquares,wavelet-LLH_glcm_SumSquares,0.31235325597553476,276
wavelet-LLH,gldm,DependenceEntropy,wavelet-LLH_gldm_DependenceEntropy,0.2966930703127541,236
wavelet-LLH,gldm,DependenceNonUniformity,wavelet-LLH_gldm_DependenceNonUniformity,0.2142145775987882,124
wavelet-LLH,gldm,DependenceNonUniformityNormalized,wavelet-LLH_gldm_DependenceNonUniformityNormalized,0.23744603044229579,151
wavelet-LLH,gldm,DependenceVariance,wavelet-LLH_gldm_DependenceVariance,0.3007837190911009,246
wavelet-LLH,gldm,GrayLevelNonUniformity,wavelet-LLH_gldm_GrayLevelNonUniformity,0.0915599118554292,23
wavelet-LLH,gldm,GrayLevelVariance,wavelet-LLH_gldm_GrayLevelVariance,0.281381907953964,209
wavelet-LLH,gldm,HighGrayLevelEmphasis,wavelet-LLH_gldm_HighGrayLevelEmphasis,0.25765546864966765,168
wavelet-LLH,gldm,LargeDependenceEmphasis,wavelet-LLH_gldm_LargeDependenceEmphasis,0.09946046889558796,27
wavelet-LLH,gldm,LargeDependenceHighGrayLevelEmphasis,wavelet-LLH_gldm_LargeDependenceHighGrayLevelEmphasis,0.19981853473221942,112
wavelet-LLH,gldm,LargeDependenceLowGrayLevelEmphasis,wavelet-LLH_gldm_LargeDependenceLowGrayLevelEmphasis,0.20513216909509815,115
wavelet-LLH,gldm,LowGrayLevelEmphasis,wavelet-LLH_gldm_LowGrayLevelEmphasis,0.25765546864966765,168
wavelet-LLH,gldm,SmallDependenceEmphasis,wavelet-LLH_gldm_SmallDependenceEmphasis,0.2894842978848247,223
wavelet-LLH,gldm,SmallDependenceHighGrayLevelEmphasis,wavelet-LLH_gldm_SmallDependenceHighGrayLevelEmphasis,0.23952661022660665,152
wavelet-LLH,gldm,SmallDependenceLowGrayLevelEmphasis,wavelet-LLH_gldm_SmallDependenceLowGrayLevelEmphasis,0.3288452702936263,308
wavelet-LLH,glrlm,GrayLevelNonUniformity,wavelet-LLH_glrlm_GrayLevelNonUniformity,0.280555939711008,206
wavelet-LLH,glrlm,GrayLevelNonUniformityNormalized,wavelet-LLH_glrlm_GrayLevelNonUniformityNormalized,0.28438988437012774,213
wavelet-LLH,glrlm,GrayLevelVariance,wavelet-LLH_glrlm_GrayLevelVariance,0.28438988437012774,213
wavelet-LLH,glrlm,HighGrayLevelRunEmphasis,wavelet-LLH_glrlm_HighGrayLevelRunEmphasis,0.2962872159091371,234
wavelet-LLH,glrlm,LongRunEmphasis,wavelet-LLH_glrlm_LongRunEmphasis,0.09514763294614283,25
wavelet-LLH,glrlm,LongRunHighGrayLevelEmphasis,wavelet-LLH_glrlm_LongRunHighGrayLevelEmphasis,0.14996208664768265,73
wavelet-LLH,glrlm,LongRunLowGrayLevelEmphasis,wavelet-LLH_glrlm_LongRunLowGrayLevelEmphasis,0.23009049983034185,143
wavelet-LLH,glrlm,LowGrayLevelRunEmphasis,wavelet-LLH_glrlm_LowGrayLevelRunEmphasis,0.2962872159091371,234
wavelet-LLH,glrlm,RunEntropy,wavelet-LLH_glrlm_RunEntropy,0.2437545430419479,156
wavelet-LLH,glrlm,RunLengthNonUniformity,wavelet-LLH_glrlm_RunLengthNonUniformity,0.18208850944196586,94
wavelet-LLH,glrlm,RunLengthNonUniformityNormalized,wavelet-LLH_glrlm_RunLengthNonUniformityNormalized,0.19526146677763623,106
wavelet-LLH,glrlm,RunPercentage,wavelet-LLH_glrlm_RunPercentage,0.12211910902488289,52
wavelet-LLH,glrlm,RunVariance,wavelet-LLH_glrlm_RunVariance,0.13101787336459605,58
wavelet-LLH,glrlm,ShortRunEmphasis,wavelet-LLH_glrlm_ShortRunEmphasis,0.1397602049503972,63
wavelet-LLH,glrlm,ShortRunHighGrayLevelEmphasis,wavelet-LLH_glrlm_ShortRunHighGrayLevelEmphasis,0.10067702191352004,29
wavelet-LLH,glrlm,ShortRunLowGrayLevelEmphasis,wavelet-LLH_glrlm_ShortRunLowGrayLevelEmphasis,0.251064426454213,160
wavelet-LLH,glszm,GrayLevelNonUniformity,wavelet-LLH_glszm_GrayLevelNonUniformity,0.33563931307124684,318
wavelet-LLH,glszm,GrayLevelNonUniformityNormalized,wavelet-LLH_glszm_GrayLevelNonUniformityNormalized,0.41655495362910205,451
wavelet-LLH,glszm,GrayLevelVariance,wavelet-LLH_glszm_GrayLevelVariance,0.4165549536291021,452
wavelet-LLH,glszm,HighGrayLevelZoneEmphasis,wavelet-LLH_glszm_HighGrayLevelZoneEmphasis,0.3574970066686443,366
wavelet-LLH,glszm,LargeAreaEmphasis,wavelet-LLH_glszm_LargeAreaEmphasis,0.2280495549600237,137
wavelet-LLH,glszm,LargeAreaHighGrayLevelEmphasis,wavelet-LLH_glszm_LargeAreaHighGrayLevelEmphasis,0.18343944850345917,95
wavelet-LLH,glszm,LargeAreaLowGrayLevelEmphasis,wavelet-LLH_glszm_LargeAreaLowGrayLevelEmphasis,0.24003041514436188,154
wavelet-LLH,glszm,LowGrayLevelZoneEmphasis,wavelet-LLH_glszm_LowGrayLevelZoneEmphasis,0.35749700666864437,367
wavelet-LLH,glszm,SizeZoneNonUniformity,wavelet-LLH_glszm_SizeZoneNonUniformity,0.4750536628150596,535
wavelet-LLH,glszm,SizeZoneNonUniformityNormalized,wavelet-LLH_glszm_SizeZoneNonUniformityNormalized,0.46678637565318193,530
wavelet-LLH,glszm,SmallAreaEmphasis,wavelet-LLH_glszm_SmallAreaEmphasis,0.525487052721884,600
wavelet-LLH,glszm,SmallAreaHighGrayLevelEmphasis,wavelet-LLH_glszm_SmallAreaHighGrayLevelEmphasis,0.43794920483174193,491
wavelet-LLH,glszm,SmallAreaLowGrayLevelEmphasis,wavelet-LLH_glszm_SmallAreaLowGrayLevelEmphasis,0.531936627312452,609
wavelet-LLH,glszm,ZoneEntropy,wavelet-LLH_glszm_ZoneEntropy,0.43382607043343124,478
wavelet-LLH,glszm,ZonePercentage,wavelet-LLH_glszm_ZonePercentage,0.3132096527393191,278
wavelet-LLH,glszm,ZoneVariance,wavelet-LLH_glszm_ZoneVariance,0.2132796094731461,119
wavelet-LLH,ngtdm,Busyness,wavelet-LLH_ngtdm_Busyness,0.3453786206464475,341
wavelet-LLH,ngtdm,Coarseness,wavelet-LLH_ngtdm_Coarseness,0.18540049398872174,96
wavelet-LLH,ngtdm,Complexity,wavelet-LLH_ngtdm_Complexity,0.31324172047131016,279
wavelet-LLH,ngtdm,Contrast,wavelet-LLH_ngtdm_Contrast,0.32539436241571346,296
wavelet-LLH,ngtdm,Strength,wavelet-LLH_ngtdm_Strength,0.27309398596336537,195
wavelet-LLL,firstorder,10Percentile,wavelet-LLL_firstorder_10Percentile,0.0868116867620754,21
wavelet-LLL,firstorder,90Percentile,wavelet-LLL_firstorder_90Percentile,0.21244481258415085,117
wavelet-LLL,firstorder,Energy,wavelet-LLL_firstorder_Energy,0.05699515629050516,8
wavelet-LLL,firstorder,Entropy,wavelet-LLL_firstorder_Entropy,0.2749945313477279,199
wavelet-LLL,firstorder,InterquartileRange,wavelet-LLL_firstorder_InterquartileRange,0.25296902779102354,163
wavelet-LLL,firstorder,Kurtosis,wavelet-LLL_firstorder_Kurtosis,0.17358388411778927,90
wavelet-LLL,firstorder,Maximum,wavelet-LLL_firstorder_Maximum,0.28886321112897256,221
wavelet-LLL,firstorder,Mean,wavelet-LLL_firstorder_Mean,0.08407090506347352,19
wavelet-LLL,firstorder,MeanAbsoluteDeviation,wavelet-LLL_firstorder_MeanAbsoluteDeviation,0.11737916281184231,45
wavelet-LLL,firstorder,Median,wavelet-LLL_firstorder_Median,0.06683431400310531,10
wavelet-LLL,firstorder,Minimum,wavelet-LLL_firstorder_Minimum,0.21614965854641874,125
wavelet-LLL,firstorder,Range,wavelet-LLL_firstorder_Range,0.2313253082584472,144
wavelet-LLL,firstorder,RobustMeanAbsoluteDeviation,wavelet-LLL_firstorder_RobustMeanAbsoluteDeviation,0.17541286825483351,91
wavelet-LLL,firstorder,RootMeanSquared,wavelet-LLL_firstorder_RootMeanSquared,0.09830897874519001,26
wavelet-LLL,firstorder,Skewness,wavelet-LLL_firstorder_Skewness,0.17277344094340463,89
wavelet-LLL,firstorder,TotalEnergy,wavelet-LLL_firstorder_TotalEnergy,0.05699515629050516,8
wavelet-LLL,firstorder,Uniformity,wavelet-LLL_firstorder_Uniformity,0.2840838449883484,212
wavelet-LLL,firstorder,Variance,wavelet-LLL_firstorder_Variance,0.11364731105383127,39
wavelet-LLL,glcm,Autocorrelation,wavelet-LLL_glcm_Autocorrelation,0.31492862023776624,282
wavelet-LLL,glcm,ClusterProminence,wavelet-LLL_glcm_ClusterProminence,0.11747983412007668,46
wavelet-LLL,glcm,ClusterShade,wavelet-LLL_glcm_ClusterShade,0.11956973970421336,47
wavelet-LLL,glcm,ClusterTendency,wavelet-LLL_glcm_ClusterTendency,0.10789422175689159,35
wavelet-LLL,glcm,Contrast,wavelet-LLL_glcm_Contrast,0.10912153141743346,36
wavelet-LLL,glcm,Correlation,wavelet-LLL_glcm_Correlation,0.139922064171539,64
wavelet-LLL,glcm,DifferenceAverage,wavelet-LLL_glcm_DifferenceAverage,0.08329948693620967,18
wavelet-LLL,glcm,DifferenceEntropy,wavelet-LLL_glcm_DifferenceEntropy,0.14061812696686013,65
wavelet-LLL,glcm,DifferenceVariance,wavelet-LLL_glcm_DifferenceVariance,0.14488515998975096,72
wavelet-LLL,glcm,Id,wavelet-LLL_glcm_Id,0.19823966915743088,110
wavelet-LLL,glcm,Idm,wavelet-LLL_glcm_Idm,0.2430677051838987,155
wavelet-LLL,glcm,Idmn,wavelet-LLL_glcm_Idmn,0.14063233676480907,67
wavelet-LLL,glcm,Idn,wavelet-LLL_glcm_Idn,0.16046048184058226,82
wavelet-LLL,glcm,Imc1,wavelet-LLL_glcm_Imc1,0.14099982554597695,68
wavelet-LLL,glcm,Imc2,wavelet-LLL_glcm_Imc2,0.1001991983140527,28
wavelet-LLL,glcm,InverseVariance,wavelet-LLL_glcm_InverseVariance,0.26693624100634034,184
wavelet-LLL,glcm,JointAverage,wavelet-LLL_glcm_JointAverage,0.3134410306523606,280
wavelet-LLL,glcm,JointEnergy,wavelet-LLL_glcm_JointEnergy,0.1205487784507468,49
wavelet-LLL,glcm,JointEntropy,wavelet-LLL_glcm_JointEntropy,0.07211346451736603,12
wavelet-LLL,glcm,MaximumProbability,wavelet-LLL_glcm_MaximumProbability,0.5214689071189432,594
wavelet-LLL,glcm,SumEntropy,wavelet-LLL_glcm_SumEntropy,0.19862162065444425,111
wavelet-LLL,glcm,SumSquares,wavelet-LLL_glcm_SumSquares,0.10564993643234569,33
wavelet-LLL,gldm,DependenceEntropy,wavelet-LLL_gldm_DependenceEntropy,0.30371038976593695,257
wavelet-LLL,gldm,DependenceNonUniformity,wavelet-LLL_gldm_DependenceNonUniformity,0.5163782077281425,588
wavelet-LLL,gldm,DependenceNonUniformityNormalized,wavelet-LLL_gldm_DependenceNonUniformityNormalized,0.35822717044776664,369
wavelet-LLL,gldm,DependenceVariance,wavelet-LLL_gldm_DependenceVariance,0.2913984427597154,229
wavelet-LLL,gldm,GrayLevelNonUniformity,wavelet-LLL_gldm_GrayLevelNonUniformity,0.16354239679472504,84
wavelet-LLL,gldm,GrayLevelVariance,wavelet-LLL_gldm_GrayLevelVariance,0.11370339099860677,40
wavelet-LLL,gldm,HighGrayLevelEmphasis,wavelet-LLL_gldm_HighGrayLevelEmphasis,0.322683614184024,292
wavelet-LLL,gldm,LargeDependenceEmphasis,wavelet-LLL_gldm_LargeDependenceEmphasis,0.2931328652241192,232
wavelet-LLL,gldm,LargeDependenceHighGrayLevelEmphasis,wavelet-LLL_gldm_LargeDependenceHighGrayLevelEmphasis,0.25097245486215475,159
wavelet-LLL,gldm,LargeDependenceLowGrayLevelEmphasis,wavelet-LLL_gldm_LargeDependenceLowGrayLevelEmphasis,0.3065728670208423,263
wavelet-LLL,gldm,LowGrayLevelEmphasis,wavelet-LLL_gldm_LowGrayLevelEmphasis,0.3687291434751151,392
wavelet-LLL,gldm,SmallDependenceEmphasis,wavelet-LLL_gldm_SmallDependenceEmphasis,0.339656139288692,328
wavelet-LLL,gldm,SmallDependenceHighGrayLevelEmphasis,wavelet-LLL_gldm_SmallDependenceHighGrayLevelEmphasis,0.3449445738242939,338
wavelet-LLL,gldm,SmallDependenceLowGrayLevelEmphasis,wavelet-LLL_gldm_SmallDependenceLowGrayLevelEmphasis,0.3592300888384727,372
wavelet-LLL,glrlm,GrayLevelNonUniformity,wavelet-LLL_glrlm_GrayLevelNonUniformity,0.16854134032483442,86
wavelet-LLL,glrlm,GrayLevelNonUniformityNormalized,wavelet-LLL_glrlm_GrayLevelNonUniformityNormalized,0.2865763896163528,216
wavelet-LLL,glrlm,GrayLevelVariance,wavelet-LLL_glrlm_GrayLevelVariance,0.11525570840417085,43
wavelet-LLL,glrlm,HighGrayLevelRunEmphasis,wavelet-LLL_glrlm_HighGrayLevelRunEmphasis,0.32290848806493233,293
wavelet-LLL,glrlm,LongRunEmphasis,wavelet-LLL_glrlm_LongRunEmphasis,0.31069995599328337,272
wavelet-LLL,glrlm,LongRunHighGrayLevelEmphasis,wavelet-LLL_glrlm_LongRunHighGrayLevelEmphasis,0.30670939540403097,264
wavelet-LLL,glrlm,LongRunLowGrayLevelEmphasis,wavelet-LLL_glrlm_LongRunLowGrayLevelEmphasis,0.37249661736290285,400
wavelet-LLL,glrlm,LowGrayLevelRunEmphasis,wavelet-LLL_glrlm_LowGrayLevelRunEmphasis,0.36824706159609105,391
wavelet-LLL,glrlm,RunEntropy,wavelet-LLL_glrlm_RunEntropy,0.2938483934222134,233
wavelet-LLL,glrlm,RunLengthNonUniformity,wavelet-LLL_glrlm_RunLengthNonUniformity,0.08111727596241537,16
wavelet-LLL,glrlm,RunLengthNonUniformityNormalized,wavelet-LLL_glrlm_RunLengthNonUniformityNormalized,0.3087738626320223,267
wavelet-LLL,glrlm,RunPercentage,wavelet-LLL_glrlm_RunPercentage,0.30922157712013537,268
wavelet-LLL,glrlm,RunVariance,wavelet-LLL_glrlm_RunVariance,0.31791505424798494,284
wavelet-LLL,glrlm,ShortRunEmphasis,wavelet-LLL_glrlm_ShortRunEmphasis,0.3072790589719125,265
wavelet-LLL,glrlm,ShortRunHighGrayLevelEmphasis,wavelet-LLL_glrlm_ShortRunHighGrayLevelEmphasis,0.32590549478171194,298
wavelet-LLL,glrlm,ShortRunLowGrayLevelEmphasis,wavelet-LLL_glrlm_ShortRunLowGrayLevelEmphasis,0.36580782656215743,383
wavelet-LLL,glszm,GrayLevelNonUniformity,wavelet-LLL_glszm_GrayLevelNonUniformity,0.21386615489190888,123
wavelet-LLL,glszm,GrayLevelNonUniformityNormalized,wavelet-LLL_glszm_GrayLevelNonUniformityNormalized,0.30068685962785624,245
wavelet-LLL,glszm,GrayLevelVariance,wavelet-LLL_glszm_GrayLevelVariance,0.1252048292492208,54
wavelet-LLL,glszm,HighGrayLevelZoneEmphasis,wavelet-LLL_glszm_HighGrayLevelZoneEmphasis,0.3255810750394601,297
wavelet-LLL,glszm,LargeAreaEmphasis,wavelet-LLL_glszm_LargeAreaEmphasis,0.300438100098372,243
wavelet-LLL,glszm,LargeAreaHighGrayLevelEmphasis,wavelet-LLL_glszm_LargeAreaHighGrayLevelEmphasis,0.26583529114721927,181
wavelet-LLL,glszm,LargeAreaLowGrayLevelEmphasis,wavelet-LLL_glszm_LargeAreaLowGrayLevelEmphasis,0.36530323124606456,381
wavelet-LLL,glszm,LowGrayLevelZoneEmphasis,wavelet-LLL_glszm_LowGrayLevelZoneEmphasis,0.3665806583036934,385
wavelet-LLL,glszm,SizeZoneNonUniformity,wavelet-LLL_glszm_SizeZoneNonUniformity,0.44623239192739383,503
wavelet-LLL,glszm,SizeZoneNonUniformityNormalized,wavelet-LLL_glszm_SizeZoneNonUniformityNormalized,0.362722685920674,377
wavelet-LLL,glszm,SmallAreaEmphasis,wavelet-LLL_glszm_SmallAreaEmphasis,0.3514271157918684,358
wavelet-LLL,glszm,SmallAreaHighGrayLevelEmphasis,wavelet-LLL_glszm_SmallAreaHighGrayLevelEmphasis,0.3386128934558061,324
wavelet-LLL,glszm,SmallAreaLowGrayLevelEmphasis,wavelet-LLL_glszm_SmallAreaLowGrayLevelEmphasis,0.3691404430264799,393
wavelet-LLL,glszm,ZoneEntropy,wavelet-LLL_glszm_ZoneEntropy,0.33050042605032226,311
wavelet-LLL,glszm,ZonePercentage,wavelet-LLL_glszm_ZonePercentage,0.3308375487790491,312
wavelet-LLL,glszm,ZoneVariance,wavelet-LLL_glszm_ZoneVariance,0.29089020022741324,225
wavelet-LLL,ngtdm,Busyness,wavelet-LLL_ngtdm_Busyness,0.22967607179941002,142
wavelet-LLL,ngtdm,Coarseness,wavelet-LLL_ngtdm_Coarseness,0.21330394652807452,120
wavelet-LLL,ngtdm,Complexity,wavelet-LLL_ngtdm_Complexity,0.12042580253772203,48
wavelet-LLL,ngtdm,Contrast,wavelet-LLL_ngtdm_Contrast,0.14443944797796593,71
wavelet-LLL,ngtdm,Strength,wavelet-LLL_ngtdm_Strength,0.15992736597558846,81
