filter,feature_class,Feature_name,mae.y,rank
lbp-2D,firstorder,lbp-2D_firstorder_10Percentile,0.25744836410161953,441
lbp-2D,firstorder,lbp-2D_firstorder_90Percentile,NA,NA
lbp-2D,firstorder,lbp-2D_firstorder_Energy,7.856131231937272e-4,78
lbp-2D,firstorder,lbp-2D_firstorder_Entropy,NA,NA
lbp-2D,firstorder,lbp-2D_firstorder_InterquartileRange,NA,NA
lbp-2D,firstorder,lbp-2D_firstorder_Kurtosis,0.9003080059089718,514
lbp-2D,firstorder,lbp-2D_firstorder_Maximum,NA,NA
lbp-2D,firstorder,lbp-2D_firstorder_Mean,0.5451338533478488,482
lbp-2D,firstorder,lbp-2D_firstorder_MeanAbsoluteDeviation,0.5729289830176734,486
lbp-2D,firstorder,lbp-2D_firstorder_Median,1.498694410205907,547
lbp-2D,firstorder,lbp-2D_firstorder_Minimum,NA,NA
lbp-2D,firstorder,lbp-2D_firstorder_Range,NA,NA
lbp-2D,firstorder,lbp-2D_firstorder_RobustMeanAbsoluteDeviation,0.5442217538891344,481
lbp-2D,firstorder,lbp-2D_firstorder_RootMeanSquared,0.5475287500198556,483
lbp-2D,firstorder,lbp-2D_firstorder_Skewness,0.3464787519027705,461
lbp-2D,firstorder,lbp-2D_firstorder_TotalEnergy,7.856131231937272e-4,78
lbp-2D,firstorder,lbp-2D_firstorder_Uniformity,NA,NA
lbp-2D,firstorder,lbp-2D_firstorder_Variance,0.516980673237572,476
lbp-2D,glcm,lbp-2D_glcm_Autocorrelation,NA,NA
lbp-2D,glcm,lbp-2D_glcm_ClusterProminence,NA,NA
lbp-2D,glcm,lbp-2D_glcm_ClusterShade,NA,NA
lbp-2D,glcm,lbp-2D_glcm_ClusterTendency,NA,NA
lbp-2D,glcm,lbp-2D_glcm_Contrast,NA,NA
lbp-2D,glcm,lbp-2D_glcm_Correlation,NA,NA
lbp-2D,glcm,lbp-2D_glcm_DifferenceAverage,NA,NA
lbp-2D,glcm,lbp-2D_glcm_DifferenceEntropy,NA,NA
lbp-2D,glcm,lbp-2D_glcm_DifferenceVariance,NA,NA
lbp-2D,glcm,lbp-2D_glcm_Id,NA,NA
lbp-2D,glcm,lbp-2D_glcm_Idm,NA,NA
lbp-2D,glcm,lbp-2D_glcm_Idmn,NA,NA
lbp-2D,glcm,lbp-2D_glcm_Idn,NA,NA
lbp-2D,glcm,lbp-2D_glcm_Imc1,NA,NA
lbp-2D,glcm,lbp-2D_glcm_Imc2,NA,NA
lbp-2D,glcm,lbp-2D_glcm_InverseVariance,NA,NA
lbp-2D,glcm,lbp-2D_glcm_JointAverage,NA,NA
lbp-2D,glcm,lbp-2D_glcm_JointEnergy,NA,NA
lbp-2D,glcm,lbp-2D_glcm_JointEntropy,NA,NA
lbp-2D,glcm,lbp-2D_glcm_MaximumProbability,NA,NA
lbp-2D,glcm,lbp-2D_glcm_SumEntropy,NA,NA
lbp-2D,glcm,lbp-2D_glcm_SumSquares,NA,NA
lbp-2D,gldm,lbp-2D_gldm_DependenceEntropy,0,1
lbp-2D,gldm,lbp-2D_gldm_DependenceNonUniformity,0,1
lbp-2D,gldm,lbp-2D_gldm_DependenceNonUniformityNormalized,0,1
lbp-2D,gldm,lbp-2D_gldm_DependenceVariance,0,1
lbp-2D,gldm,lbp-2D_gldm_GrayLevelNonUniformity,0,1
lbp-2D,gldm,lbp-2D_gldm_GrayLevelVariance,NA,NA
lbp-2D,gldm,lbp-2D_gldm_HighGrayLevelEmphasis,NA,NA
lbp-2D,gldm,lbp-2D_gldm_LargeDependenceEmphasis,0,1
lbp-2D,gldm,lbp-2D_gldm_LargeDependenceHighGrayLevelEmphasis,0,1
lbp-2D,gldm,lbp-2D_gldm_LargeDependenceLowGrayLevelEmphasis,0,1
lbp-2D,gldm,lbp-2D_gldm_LowGrayLevelEmphasis,NA,NA
lbp-2D,gldm,lbp-2D_gldm_SmallDependenceEmphasis,0,1
lbp-2D,gldm,lbp-2D_gldm_SmallDependenceHighGrayLevelEmphasis,0,1
lbp-2D,gldm,lbp-2D_gldm_SmallDependenceLowGrayLevelEmphasis,0,1
lbp-2D,glrlm,lbp-2D_glrlm_GrayLevelNonUniformity,0,1
lbp-2D,glrlm,lbp-2D_glrlm_GrayLevelNonUniformityNormalized,NA,NA
lbp-2D,glrlm,lbp-2D_glrlm_GrayLevelVariance,NA,NA
lbp-2D,glrlm,lbp-2D_glrlm_HighGrayLevelRunEmphasis,NA,NA
lbp-2D,glrlm,lbp-2D_glrlm_LongRunEmphasis,0,1
lbp-2D,glrlm,lbp-2D_glrlm_LongRunHighGrayLevelEmphasis,0,1
lbp-2D,glrlm,lbp-2D_glrlm_LongRunLowGrayLevelEmphasis,0,1
lbp-2D,glrlm,lbp-2D_glrlm_LowGrayLevelRunEmphasis,NA,NA
lbp-2D,glrlm,lbp-2D_glrlm_RunEntropy,0,1
lbp-2D,glrlm,lbp-2D_glrlm_RunLengthNonUniformity,0,1
lbp-2D,glrlm,lbp-2D_glrlm_RunLengthNonUniformityNormalized,0,1
lbp-2D,glrlm,lbp-2D_glrlm_RunPercentage,0,1
lbp-2D,glrlm,lbp-2D_glrlm_RunVariance,0,1
lbp-2D,glrlm,lbp-2D_glrlm_ShortRunEmphasis,0,1
lbp-2D,glrlm,lbp-2D_glrlm_ShortRunHighGrayLevelEmphasis,0,1
lbp-2D,glrlm,lbp-2D_glrlm_ShortRunLowGrayLevelEmphasis,0,1
lbp-2D,glszm,lbp-2D_glszm_GrayLevelNonUniformity,NA,NA
lbp-2D,glszm,lbp-2D_glszm_GrayLevelNonUniformityNormalized,NA,NA
lbp-2D,glszm,lbp-2D_glszm_GrayLevelVariance,NA,NA
lbp-2D,glszm,lbp-2D_glszm_HighGrayLevelZoneEmphasis,NA,NA
lbp-2D,glszm,lbp-2D_glszm_LargeAreaEmphasis,0,1
lbp-2D,glszm,lbp-2D_glszm_LargeAreaHighGrayLevelEmphasis,0,1
lbp-2D,glszm,lbp-2D_glszm_LargeAreaLowGrayLevelEmphasis,0,1
lbp-2D,glszm,lbp-2D_glszm_LowGrayLevelZoneEmphasis,NA,NA
lbp-2D,glszm,lbp-2D_glszm_SizeZoneNonUniformity,NA,NA
lbp-2D,glszm,lbp-2D_glszm_SizeZoneNonUniformityNormalized,NA,NA
lbp-2D,glszm,lbp-2D_glszm_SmallAreaEmphasis,0,1
lbp-2D,glszm,lbp-2D_glszm_SmallAreaHighGrayLevelEmphasis,0,1
lbp-2D,glszm,lbp-2D_glszm_SmallAreaLowGrayLevelEmphasis,0,1
lbp-2D,glszm,lbp-2D_glszm_ZoneEntropy,NA,NA
lbp-2D,glszm,lbp-2D_glszm_ZonePercentage,0,1
lbp-2D,glszm,lbp-2D_glszm_ZoneVariance,NA,NA
lbp-2D,ngtdm,lbp-2D_ngtdm_Busyness,NA,NA
lbp-2D,ngtdm,lbp-2D_ngtdm_Coarseness,NA,NA
lbp-2D,ngtdm,lbp-2D_ngtdm_Complexity,NA,NA
lbp-2D,ngtdm,lbp-2D_ngtdm_Contrast,NA,NA
lbp-2D,ngtdm,lbp-2D_ngtdm_Strength,NA,NA
original,firstorder,original_firstorder_10Percentile,22.233075104853864,689
original,firstorder,original_firstorder_90Percentile,0.8114886819797893,509
original,firstorder,original_firstorder_Energy,0.4231655215780667,470
original,firstorder,original_firstorder_Entropy,2.2739129309475308,577
original,firstorder,original_firstorder_InterquartileRange,1.7177531517390303,555
original,firstorder,original_firstorder_Kurtosis,0.6090462095320867,489
original,firstorder,original_firstorder_Maximum,2.245986387765005,576
original,firstorder,original_firstorder_Mean,9.05852387226252,648
original,firstorder,original_firstorder_MeanAbsoluteDeviation,1.8104504139218087,559
original,firstorder,original_firstorder_Median,17.879479748863556,680
original,firstorder,original_firstorder_Minimum,22.822880414230088,691
original,firstorder,original_firstorder_Range,9.916495276732677,655
original,firstorder,original_firstorder_RobustMeanAbsoluteDeviation,1.730575971348465,556
original,firstorder,original_firstorder_RootMeanSquared,8.139939898817083,639
original,firstorder,original_firstorder_Skewness,1.153486599388909,533
original,firstorder,original_firstorder_TotalEnergy,0.42316552157806664,469
original,firstorder,original_firstorder_Uniformity,1.8231619185927916,560
original,firstorder,original_firstorder_Variance,3.204615995020462,602
original,glcm,original_glcm_Autocorrelation,20.26008672787384,687
original,glcm,original_glcm_ClusterProminence,3.7133327769887523,607
original,glcm,original_glcm_ClusterShade,1.04813903173672,520
original,glcm,original_glcm_ClusterTendency,3.20442226508749,601
original,glcm,original_glcm_Contrast,3.6800839342765688,606
original,glcm,original_glcm_Correlation,1.0573055328449998,521
original,glcm,original_glcm_DifferenceAverage,2.9681142327354095,593
original,glcm,original_glcm_DifferenceEntropy,1.3426295376666362,541
original,glcm,original_glcm_DifferenceVariance,1.9236802219767881,561
original,glcm,original_glcm_Id,2.635671377810532,586
original,glcm,original_glcm_Idm,2.3673888220248696,581
original,glcm,original_glcm_Idmn,0.6539669558821858,496
original,glcm,original_glcm_Idn,1.160656466725073,534
original,glcm,original_glcm_Imc1,1.6330292555358132,552
original,glcm,original_glcm_Imc2,1.5951128789256903,551
original,glcm,original_glcm_InverseVariance,1.1821861991439353,536
original,glcm,original_glcm_JointAverage,6.422515302473766,625
original,glcm,original_glcm_JointEnergy,1.519168851330087,548
original,glcm,original_glcm_JointEntropy,2.6382701857837234,587
original,glcm,original_glcm_MaximumProbability,1.1500302358481065,531
original,glcm,original_glcm_SumEntropy,2.0026936394443835,565
original,glcm,original_glcm_SumSquares,3.4428909068389446,604
original,gldm,original_gldm_DependenceEntropy,2.9496716322378065,592
original,gldm,original_gldm_DependenceNonUniformity,7.511249256761339,635
original,gldm,original_gldm_DependenceNonUniformityNormalized,6.971812985220648,630
original,gldm,original_gldm_DependenceVariance,1.4745990258527972,545
original,gldm,original_gldm_GrayLevelNonUniformity,0.8148773749964124,510
original,gldm,original_gldm_GrayLevelVariance,3.12103644595525,598
original,gldm,original_gldm_HighGrayLevelEmphasis,13.084132610260795,666
original,gldm,original_gldm_LargeDependenceEmphasis,2.020871189217761,567
original,gldm,original_gldm_LargeDependenceHighGrayLevelEmphasis,4.5932708987134605,618
original,gldm,original_gldm_LargeDependenceLowGrayLevelEmphasis,0.22572680852287766,436
original,gldm,original_gldm_LowGrayLevelEmphasis,0.2856994311335919,451
original,gldm,original_gldm_SmallDependenceEmphasis,1.7859043116530395,558
original,gldm,original_gldm_SmallDependenceHighGrayLevelEmphasis,11.391676828146524,664
original,gldm,original_gldm_SmallDependenceLowGrayLevelEmphasis,0.7224592758669157,502
original,glrlm,original_glrlm_GrayLevelNonUniformity,0.6291714339984525,493
original,glrlm,original_glrlm_GrayLevelNonUniformityNormalized,0.9983357142291992,518
original,glrlm,original_glrlm_GrayLevelVariance,3.048989240247482,595
original,glrlm,original_glrlm_HighGrayLevelRunEmphasis,10.403595651590628,660
original,glrlm,original_glrlm_LongRunEmphasis,1.2435278630735644,539
original,glrlm,original_glrlm_LongRunHighGrayLevelEmphasis,10.023390829309356,657
original,glrlm,original_glrlm_LongRunLowGrayLevelEmphasis,0.2157069962819368,430
original,glrlm,original_glrlm_LowGrayLevelRunEmphasis,0.28466961386801354,450
original,glrlm,original_glrlm_RunEntropy,2.4773170108075666,582
original,glrlm,original_glrlm_RunLengthNonUniformity,4.028013791961967,613
original,glrlm,original_glrlm_RunLengthNonUniformityNormalized,2.164736247977564,574
original,glrlm,original_glrlm_RunPercentage,2.0669104119343213,568
original,glrlm,original_glrlm_RunVariance,1.1470093764941351,529
original,glrlm,original_glrlm_ShortRunEmphasis,1.6820501137660206,554
original,glrlm,original_glrlm_ShortRunHighGrayLevelEmphasis,10.250763021546877,658
original,glrlm,original_glrlm_ShortRunLowGrayLevelEmphasis,0.3201038068198466,457
original,glszm,original_glszm_GrayLevelNonUniformity,0.6748510304619634,498
original,glszm,original_glszm_GrayLevelNonUniformityNormalized,1.4512844762980526,543
original,glszm,original_glszm_GrayLevelVariance,2.517454792457722,583
original,glszm,original_glszm_HighGrayLevelZoneEmphasis,9.941319671030328,656
original,glszm,original_glszm_LargeAreaEmphasis,0.16544826752906508,420
original,glszm,original_glszm_LargeAreaHighGrayLevelEmphasis,0.19581025710425928,425
original,glszm,original_glszm_LargeAreaLowGrayLevelEmphasis,0.09269232220202024,394
original,glszm,original_glszm_LowGrayLevelZoneEmphasis,0.5228348385875388,478
original,glszm,original_glszm_SizeZoneNonUniformity,3.1790730786255046,599
original,glszm,original_glszm_SizeZoneNonUniformityNormalized,1.0776130668282584,523
original,glszm,original_glszm_SmallAreaEmphasis,1.113372210085082,527
original,glszm,original_glszm_SmallAreaHighGrayLevelEmphasis,8.51733634180776,645
original,glszm,original_glszm_SmallAreaLowGrayLevelEmphasis,1.0098706628627225,519
original,glszm,original_glszm_ZoneEntropy,0.9550603663516354,516
original,glszm,original_glszm_ZonePercentage,1.5435440980292185,550
original,glszm,original_glszm_ZoneVariance,0.1542156681236383,417
original,ngtdm,original_ngtdm_Busyness,0.6207630538058015,490
original,ngtdm,original_ngtdm_Coarseness,1.475665269519109,546
original,ngtdm,original_ngtdm_Complexity,6.866328048147952,629
original,ngtdm,original_ngtdm_Contrast,1.1063030204142137,526
original,ngtdm,original_ngtdm_Strength,0.6040161917082758,488
wavelet-HHH,firstorder,wavelet-HHH_firstorder_10Percentile,2.6284589342460733e-15,24
wavelet-HHH,firstorder,wavelet-HHH_firstorder_90Percentile,2.7995951875627725e-15,27
wavelet-HHH,firstorder,wavelet-HHH_firstorder_Energy,0,1
wavelet-HHH,firstorder,wavelet-HHH_firstorder_Entropy,5.661370045798005e-4,65
wavelet-HHH,firstorder,wavelet-HHH_firstorder_InterquartileRange,2.593639719774139e-15,23
wavelet-HHH,firstorder,wavelet-HHH_firstorder_Kurtosis,1.18777278500893,537
wavelet-HHH,firstorder,wavelet-HHH_firstorder_Maximum,8.172719502056457e-15,33
wavelet-HHH,firstorder,wavelet-HHH_firstorder_Mean,1.1668351662858536e-16,7
wavelet-HHH,firstorder,wavelet-HHH_firstorder_MeanAbsoluteDeviation,1.618632047205489e-15,19
wavelet-HHH,firstorder,wavelet-HHH_firstorder_Median,1.110279946272179e-16,6
wavelet-HHH,firstorder,wavelet-HHH_firstorder_Minimum,8.714077336858689e-15,37
wavelet-HHH,firstorder,wavelet-HHH_firstorder_Range,1.5840626010537925e-14,43
wavelet-HHH,firstorder,wavelet-HHH_firstorder_RobustMeanAbsoluteDeviation,1.0887991148995195e-15,15
wavelet-HHH,firstorder,wavelet-HHH_firstorder_RootMeanSquared,0,1
wavelet-HHH,firstorder,wavelet-HHH_firstorder_Skewness,0.23486429626237443,438
wavelet-HHH,firstorder,wavelet-HHH_firstorder_TotalEnergy,0,1
wavelet-HHH,firstorder,wavelet-HHH_firstorder_Uniformity,3.921130830751061e-4,59
wavelet-HHH,firstorder,wavelet-HHH_firstorder_Variance,4.20856875266668e-29,2
wavelet-HHH,glcm,wavelet-HHH_glcm_Autocorrelation,0.03291760015274519,296
wavelet-HHH,glcm,wavelet-HHH_glcm_ClusterProminence,0.008544056160858413,181
wavelet-HHH,glcm,wavelet-HHH_glcm_ClusterShade,0.009118469701236068,189
wavelet-HHH,glcm,wavelet-HHH_glcm_ClusterTendency,0.00844624202193383,178
wavelet-HHH,glcm,wavelet-HHH_glcm_Contrast,0.008819773715367872,186
wavelet-HHH,glcm,wavelet-HHH_glcm_Correlation,0.017272456347610207,240
wavelet-HHH,glcm,wavelet-HHH_glcm_DifferenceAverage,0.008819773715367872,186
wavelet-HHH,glcm,wavelet-HHH_glcm_DifferenceEntropy,0.01021769903809163,198
wavelet-HHH,glcm,wavelet-HHH_glcm_DifferenceVariance,0.003468485924664321,117
wavelet-HHH,glcm,wavelet-HHH_glcm_Id,0.004409886857683934,131
wavelet-HHH,glcm,wavelet-HHH_glcm_Idm,0.004409886857683934,131
wavelet-HHH,glcm,wavelet-HHH_glcm_Idmn,0.0017639547430735715,89
wavelet-HHH,glcm,wavelet-HHH_glcm_Idn,0.0029399245717892856,109
wavelet-HHH,glcm,wavelet-HHH_glcm_Imc1,0.01029078378444711,201
wavelet-HHH,glcm,wavelet-HHH_glcm_Imc2,0.04037090576104454,312
wavelet-HHH,glcm,wavelet-HHH_glcm_InverseVariance,0.008819773715367872,186
wavelet-HHH,glcm,wavelet-HHH_glcm_JointAverage,0.01016185986679113,197
wavelet-HHH,glcm,wavelet-HHH_glcm_JointEnergy,0.003355871362310341,116
wavelet-HHH,glcm,wavelet-HHH_glcm_JointEntropy,0.009962110196120033,194
wavelet-HHH,glcm,wavelet-HHH_glcm_MaximumProbability,0.0077889744052340995,171
wavelet-HHH,glcm,wavelet-HHH_glcm_SumEntropy,0.01768699138702661,242
wavelet-HHH,glcm,wavelet-HHH_glcm_SumSquares,2.3546601837117807e-4,55
wavelet-HHH,gldm,wavelet-HHH_gldm_DependenceEntropy,0.05221034877876595,343
wavelet-HHH,gldm,wavelet-HHH_gldm_DependenceNonUniformity,3.909883068571208,612
wavelet-HHH,gldm,wavelet-HHH_gldm_DependenceNonUniformityNormalized,0.008881851953288427,187
wavelet-HHH,gldm,wavelet-HHH_gldm_DependenceVariance,0.11053421615070173,399
wavelet-HHH,gldm,wavelet-HHH_gldm_GrayLevelNonUniformity,0.16846414624798842,421
wavelet-HHH,gldm,wavelet-HHH_gldm_GrayLevelVariance,1.960565415375511e-4,54
wavelet-HHH,gldm,wavelet-HHH_gldm_HighGrayLevelEmphasis,0.02811468967186028,280
wavelet-HHH,gldm,wavelet-HHH_gldm_LargeDependenceEmphasis,0.6313458705052603,494
wavelet-HHH,gldm,wavelet-HHH_gldm_LargeDependenceHighGrayLevelEmphasis,2.8164149500371116,591
wavelet-HHH,gldm,wavelet-HHH_gldm_LargeDependenceLowGrayLevelEmphasis,0.3614168155753934,466
wavelet-HHH,gldm,wavelet-HHH_gldm_LowGrayLevelEmphasis,0.007028672417965064,165
wavelet-HHH,gldm,wavelet-HHH_gldm_SmallDependenceEmphasis,0.002119132195288724,92
wavelet-HHH,gldm,wavelet-HHH_gldm_SmallDependenceHighGrayLevelEmphasis,0.006889335186477868,163
wavelet-HHH,gldm,wavelet-HHH_gldm_SmallDependenceLowGrayLevelEmphasis,0.0015363446855551385,87
wavelet-HHH,glrlm,wavelet-HHH_glrlm_GrayLevelNonUniformity,1.6603487010514113,553
wavelet-HHH,glrlm,wavelet-HHH_glrlm_GrayLevelNonUniformityNormalized,3.102567902951081e-4,56
wavelet-HHH,glrlm,wavelet-HHH_glrlm_GrayLevelVariance,1.5512839514755306e-4,50
wavelet-HHH,glrlm,wavelet-HHH_glrlm_HighGrayLevelRunEmphasis,0.010668117042196345,204
wavelet-HHH,glrlm,wavelet-HHH_glrlm_LongRunEmphasis,0.1351992389521755,407
wavelet-HHH,glrlm,wavelet-HHH_glrlm_LongRunHighGrayLevelEmphasis,0.5006590825879668,475
wavelet-HHH,glrlm,wavelet-HHH_glrlm_LongRunLowGrayLevelEmphasis,0.07951300568031995,379
wavelet-HHH,glrlm,wavelet-HHH_glrlm_LowGrayLevelRunEmphasis,0.0026670292605490823,105
wavelet-HHH,glrlm,wavelet-HHH_glrlm_RunEntropy,0.022876847605317,261
wavelet-HHH,glrlm,wavelet-HHH_glrlm_RunLengthNonUniformity,3.665202219731747,605
wavelet-HHH,glrlm,wavelet-HHH_glrlm_RunLengthNonUniformityNormalized,0.006139112358088587,155
wavelet-HHH,glrlm,wavelet-HHH_glrlm_RunPercentage,0.007874241016791449,173
wavelet-HHH,glrlm,wavelet-HHH_glrlm_RunVariance,0.08684540274860493,386
wavelet-HHH,glrlm,wavelet-HHH_glrlm_ShortRunEmphasis,0.005315301137215961,149
wavelet-HHH,glrlm,wavelet-HHH_glrlm_ShortRunHighGrayLevelEmphasis,0.024541002621316255,268
wavelet-HHH,glrlm,wavelet-HHH_glrlm_ShortRunLowGrayLevelEmphasis,0.004193630822606867,126
wavelet-HHH,glszm,wavelet-HHH_glszm_GrayLevelNonUniformity,0.8072311675501687,508
wavelet-HHH,glszm,wavelet-HHH_glszm_GrayLevelNonUniformityNormalized,0.03755483519445956,309
wavelet-HHH,glszm,wavelet-HHH_glszm_GrayLevelVariance,0.018777417597229777,248
wavelet-HHH,glszm,wavelet-HHH_glszm_HighGrayLevelZoneEmphasis,0.2694119627284082,445
wavelet-HHH,glszm,wavelet-HHH_glszm_LargeAreaEmphasis,3552.6777695858377,787
wavelet-HHH,glszm,wavelet-HHH_glszm_LargeAreaHighGrayLevelEmphasis,8897.270790231343,793
wavelet-HHH,glszm,wavelet-HHH_glszm_LargeAreaLowGrayLevelEmphasis,2334.9185870380593,785
wavelet-HHH,glszm,wavelet-HHH_glszm_LowGrayLevelZoneEmphasis,0.06735299068210204,368
wavelet-HHH,glszm,wavelet-HHH_glszm_SizeZoneNonUniformity,0.6264382482388221,492
wavelet-HHH,glszm,wavelet-HHH_glszm_SizeZoneNonUniformityNormalized,0.05557597504261453,347
wavelet-HHH,glszm,wavelet-HHH_glszm_SmallAreaEmphasis,0.08726976495723814,387
wavelet-HHH,glszm,wavelet-HHH_glszm_SmallAreaHighGrayLevelEmphasis,0.30937977440278186,453
wavelet-HHH,glszm,wavelet-HHH_glszm_SmallAreaLowGrayLevelEmphasis,0.07161174147266997,374
wavelet-HHH,glszm,wavelet-HHH_glszm_ZoneEntropy,0.22542818700383074,435
wavelet-HHH,glszm,wavelet-HHH_glszm_ZonePercentage,0.0033058319620755928,115
wavelet-HHH,glszm,wavelet-HHH_glszm_ZoneVariance,1282.9573065742054,781
wavelet-HHH,ngtdm,wavelet-HHH_ngtdm_Busyness,7.982977534138411,637
wavelet-HHH,ngtdm,wavelet-HHH_ngtdm_Coarseness,1.679939072189641e-4,52
wavelet-HHH,ngtdm,wavelet-HHH_ngtdm_Complexity,0.009669663854412942,192
wavelet-HHH,ngtdm,wavelet-HHH_ngtdm_Contrast,0.0024181666001180115,97
wavelet-HHH,ngtdm,wavelet-HHH_ngtdm_Strength,1.6786266515228943e-4,51
wavelet-HHL,firstorder,wavelet-HHL_firstorder_10Percentile,30.574665899295123,699
wavelet-HHL,firstorder,wavelet-HHL_firstorder_90Percentile,33.896222419217885,703
wavelet-HHL,firstorder,wavelet-HHL_firstorder_Energy,2287406.5071616345,802
wavelet-HHL,firstorder,wavelet-HHL_firstorder_Entropy,0.35150457931791107,463
wavelet-HHL,firstorder,wavelet-HHL_firstorder_InterquartileRange,37.39736222849133,709
wavelet-HHL,firstorder,wavelet-HHL_firstorder_Kurtosis,0.6231549543984188,491
wavelet-HHL,firstorder,wavelet-HHL_firstorder_Maximum,60.49645788190253,717
wavelet-HHL,firstorder,wavelet-HHL_firstorder_Mean,0.5540350672818388,484
wavelet-HHL,firstorder,wavelet-HHL_firstorder_MeanAbsoluteDeviation,19.937635450819133,685
wavelet-HHL,firstorder,wavelet-HHL_firstorder_Median,2.276952569846278,578
wavelet-HHL,firstorder,wavelet-HHL_firstorder_Minimum,70.39970440884234,719
wavelet-HHL,firstorder,wavelet-HHL_firstorder_Range,126.46317527178614,744
wavelet-HHL,firstorder,wavelet-HHL_firstorder_RobustMeanAbsoluteDeviation,15.101415474194402,673
wavelet-HHL,firstorder,wavelet-HHL_firstorder_RootMeanSquared,2.61706307426136,585
wavelet-HHL,firstorder,wavelet-HHL_firstorder_Skewness,0.11221994059348146,400
wavelet-HHL,firstorder,wavelet-HHL_firstorder_TotalEnergy,9149626.028646532,805
wavelet-HHL,firstorder,wavelet-HHL_firstorder_Uniformity,0.025163759487508514,271
wavelet-HHL,firstorder,wavelet-HHL_firstorder_Variance,5322.313910951186,789
wavelet-HHL,glcm,wavelet-HHL_glcm_Autocorrelation,88.3873160196219,723
wavelet-HHL,glcm,wavelet-HHL_glcm_ClusterProminence,5118.985670403678,788
wavelet-HHL,glcm,wavelet-HHL_glcm_ClusterShade,16.273515830792576,676
wavelet-HHL,glcm,wavelet-HHL_glcm_ClusterTendency,14.986141340614262,671
wavelet-HHL,glcm,wavelet-HHL_glcm_Contrast,18.885816171750832,683
wavelet-HHL,glcm,wavelet-HHL_glcm_Correlation,0.03318941085331247,297
wavelet-HHL,glcm,wavelet-HHL_glcm_DifferenceAverage,1.205098857043278,538
wavelet-HHL,glcm,wavelet-HHL_glcm_DifferenceEntropy,0.340807580279096,460
wavelet-HHL,glcm,wavelet-HHL_glcm_DifferenceVariance,6.593182834143972,626
wavelet-HHL,glcm,wavelet-HHL_glcm_Id,0.05781648287126054,351
wavelet-HHL,glcm,wavelet-HHL_glcm_Idm,0.06327414212294442,361
wavelet-HHL,glcm,wavelet-HHL_glcm_Idmn,0.006298540086880938,159
wavelet-HHL,glcm,wavelet-HHL_glcm_Idn,0.012928297839324423,219
wavelet-HHL,glcm,wavelet-HHL_glcm_Imc1,0.022996738001622608,263
wavelet-HHL,glcm,wavelet-HHL_glcm_Imc2,0.05160067390472325,341
wavelet-HHL,glcm,wavelet-HHL_glcm_InverseVariance,0.057127880323884835,348
wavelet-HHL,glcm,wavelet-HHL_glcm_JointAverage,2.8115821197500717,590
wavelet-HHL,glcm,wavelet-HHL_glcm_JointEnergy,0.007058644181482058,167
wavelet-HHL,glcm,wavelet-HHL_glcm_JointEntropy,0.5955689208288235,487
wavelet-HHL,glcm,wavelet-HHL_glcm_MaximumProbability,0.017201875219766263,239
wavelet-HHL,glcm,wavelet-HHL_glcm_SumEntropy,0.32652712781534593,459
wavelet-HHL,glcm,wavelet-HHL_glcm_SumSquares,8.46678180697238,643
wavelet-HHL,gldm,wavelet-HHL_gldm_DependenceEntropy,0.14222430127000962,414
wavelet-HHL,gldm,wavelet-HHL_gldm_DependenceNonUniformity,35.24048940385071,706
wavelet-HHL,gldm,wavelet-HHL_gldm_DependenceNonUniformityNormalized,0.08028330203923358,380
wavelet-HHL,gldm,wavelet-HHL_gldm_DependenceVariance,0.31158056278256496,454
wavelet-HHL,gldm,wavelet-HHL_gldm_GrayLevelNonUniformity,11.196169076960325,663
wavelet-HHL,gldm,wavelet-HHL_gldm_GrayLevelVariance,8.516660400137024,644
wavelet-HHL,gldm,wavelet-HHL_gldm_HighGrayLevelEmphasis,97.65012570617218,730
wavelet-HHL,gldm,wavelet-HHL_gldm_LargeDependenceEmphasis,1.1476681361627952,530
wavelet-HHL,gldm,wavelet-HHL_gldm_LargeDependenceHighGrayLevelEmphasis,134.63444294618927,751
wavelet-HHL,gldm,wavelet-HHL_gldm_LargeDependenceLowGrayLevelEmphasis,0.019456821949485167,251
wavelet-HHL,gldm,wavelet-HHL_gldm_LowGrayLevelEmphasis,0.003883874968244836,120
wavelet-HHL,gldm,wavelet-HHL_gldm_SmallDependenceEmphasis,0.08295253795333511,383
wavelet-HHL,gldm,wavelet-HHL_gldm_SmallDependenceHighGrayLevelEmphasis,86.9671636184136,722
wavelet-HHL,gldm,wavelet-HHL_gldm_SmallDependenceLowGrayLevelEmphasis,0.0023670043371223377,96
wavelet-HHL,glrlm,wavelet-HHL_glrlm_GrayLevelNonUniformity,7.333981198081943,633
wavelet-HHL,glrlm,wavelet-HHL_glrlm_GrayLevelNonUniformityNormalized,0.021355509274808317,258
wavelet-HHL,glrlm,wavelet-HHL_glrlm_GrayLevelVariance,8.538957337049625,646
wavelet-HHL,glrlm,wavelet-HHL_glrlm_HighGrayLevelRunEmphasis,97.87589492657287,731
wavelet-HHL,glrlm,wavelet-HHL_glrlm_LongRunEmphasis,0.13275600176697447,405
wavelet-HHL,glrlm,wavelet-HHL_glrlm_LongRunHighGrayLevelEmphasis,98.81726613299325,733
wavelet-HHL,glrlm,wavelet-HHL_glrlm_LongRunLowGrayLevelEmphasis,0.006003494358254657,153
wavelet-HHL,glrlm,wavelet-HHL_glrlm_LowGrayLevelRunEmphasis,0.004205679618642762,128
wavelet-HHL,glrlm,wavelet-HHL_glrlm_RunEntropy,0.2230496254014375,433
wavelet-HHL,glrlm,wavelet-HHL_glrlm_RunLengthNonUniformity,28.524327342008558,697
wavelet-HHL,glrlm,wavelet-HHL_glrlm_RunLengthNonUniformityNormalized,0.04521558906848405,324
wavelet-HHL,glrlm,wavelet-HHL_glrlm_RunPercentage,0.028834071801682813,285
wavelet-HHL,glrlm,wavelet-HHL_glrlm_RunVariance,0.051383348496461825,339
wavelet-HHL,glrlm,wavelet-HHL_glrlm_ShortRunEmphasis,0.02131617131749381,257
wavelet-HHL,glrlm,wavelet-HHL_glrlm_ShortRunHighGrayLevelEmphasis,97.20141168018307,729
wavelet-HHL,glrlm,wavelet-HHL_glrlm_ShortRunLowGrayLevelEmphasis,0.003890330229507451,121
wavelet-HHL,glszm,wavelet-HHL_glszm_GrayLevelNonUniformity,2.088288925831083,569
wavelet-HHL,glszm,wavelet-HHL_glszm_GrayLevelNonUniformityNormalized,0.013644777031982948,224
wavelet-HHL,glszm,wavelet-HHL_glszm_GrayLevelVariance,8.557039652702676,647
wavelet-HHL,glszm,wavelet-HHL_glszm_HighGrayLevelZoneEmphasis,98.60037911293253,732
wavelet-HHL,glszm,wavelet-HHL_glszm_LargeAreaEmphasis,3.0149879647489204,594
wavelet-HHL,glszm,wavelet-HHL_glszm_LargeAreaHighGrayLevelEmphasis,271.08349266360835,769
wavelet-HHL,glszm,wavelet-HHL_glszm_LargeAreaLowGrayLevelEmphasis,0.03931631663758481,311
wavelet-HHL,glszm,wavelet-HHL_glszm_LowGrayLevelZoneEmphasis,0.005478610695264246,150
wavelet-HHL,glszm,wavelet-HHL_glszm_SizeZoneNonUniformity,41.735942535550514,712
wavelet-HHL,glszm,wavelet-HHL_glszm_SizeZoneNonUniformityNormalized,0.0652373610532795,364
wavelet-HHL,glszm,wavelet-HHL_glszm_SmallAreaEmphasis,0.04055625212426054,315
wavelet-HHL,glszm,wavelet-HHL_glszm_SmallAreaHighGrayLevelEmphasis,92.49101616045886,725
wavelet-HHL,glszm,wavelet-HHL_glszm_SmallAreaLowGrayLevelEmphasis,0.004504097217498878,132
wavelet-HHL,glszm,wavelet-HHL_glszm_ZoneEntropy,0.10696359444650157,397
wavelet-HHL,glszm,wavelet-HHL_glszm_ZonePercentage,0.08246607559671024,382
wavelet-HHL,glszm,wavelet-HHL_glszm_ZoneVariance,2.3623238612630937,580
wavelet-HHL,ngtdm,wavelet-HHL_ngtdm_Busyness,0.04996559580093311,336
wavelet-HHL,ngtdm,wavelet-HHL_ngtdm_Coarseness,6.610537624629888e-4,70
wavelet-HHL,ngtdm,wavelet-HHL_ngtdm_Complexity,647.2431241601366,776
wavelet-HHL,ngtdm,wavelet-HHL_ngtdm_Contrast,0.07575400842965314,377
wavelet-HHL,ngtdm,wavelet-HHL_ngtdm_Strength,0.7126297284966858,500
wavelet-HLH,firstorder,wavelet-HLH_firstorder_10Percentile,2.8353397994402047e-15,28
wavelet-HLH,firstorder,wavelet-HLH_firstorder_90Percentile,2.568614359151169e-15,22
wavelet-HLH,firstorder,wavelet-HLH_firstorder_Energy,0,1
wavelet-HLH,firstorder,wavelet-HLH_firstorder_Entropy,0.014795251163416324,228
wavelet-HLH,firstorder,wavelet-HLH_firstorder_InterquartileRange,2.6317126690389618e-15,25
wavelet-HLH,firstorder,wavelet-HLH_firstorder_Kurtosis,2.155548137947845,572
wavelet-HLH,firstorder,wavelet-HLH_firstorder_Maximum,8.317104909029305e-15,34
wavelet-HLH,firstorder,wavelet-HLH_firstorder_Mean,1.8547733459053516e-16,8
wavelet-HLH,firstorder,wavelet-HLH_firstorder_MeanAbsoluteDeviation,1.4866113566426798e-15,18
wavelet-HLH,firstorder,wavelet-HLH_firstorder_Median,1.893750372190185e-16,9
wavelet-HLH,firstorder,wavelet-HLH_firstorder_Minimum,8.608831804605605e-15,36
wavelet-HLH,firstorder,wavelet-HLH_firstorder_Range,1.3788631483214988e-14,42
wavelet-HLH,firstorder,wavelet-HLH_firstorder_RobustMeanAbsoluteDeviation,1.088069121609705e-15,14
wavelet-HLH,firstorder,wavelet-HLH_firstorder_RootMeanSquared,0,1
wavelet-HLH,firstorder,wavelet-HLH_firstorder_Skewness,0.3575439867133179,465
wavelet-HLH,firstorder,wavelet-HLH_firstorder_TotalEnergy,0,1
wavelet-HLH,firstorder,wavelet-HLH_firstorder_Uniformity,0.010022951314162002,196
wavelet-HLH,firstorder,wavelet-HLH_firstorder_Variance,4.900318295637247e-29,3
wavelet-HLH,glcm,wavelet-HLH_glcm_Autocorrelation,0.0822999336157011,381
wavelet-HLH,glcm,wavelet-HLH_glcm_ClusterProminence,0.011730722774513588,208
wavelet-HLH,glcm,wavelet-HLH_glcm_ClusterShade,0.0283461852896223,281
wavelet-HLH,glcm,wavelet-HLH_glcm_ClusterTendency,0.008086414616817871,177
wavelet-HLH,glcm,wavelet-HLH_glcm_Contrast,0.023726457445285006,266
wavelet-HLH,glcm,wavelet-HLH_glcm_Correlation,0.028422704396255483,282
wavelet-HLH,glcm,wavelet-HLH_glcm_DifferenceAverage,0.023726457445285006,266
wavelet-HLH,glcm,wavelet-HLH_glcm_DifferenceEntropy,0.006464025923750371,160
wavelet-HLH,glcm,wavelet-HLH_glcm_DifferenceVariance,0.0021678358986855963,93
wavelet-HLH,glcm,wavelet-HLH_glcm_Id,0.011863228722642498,209
wavelet-HLH,glcm,wavelet-HLH_glcm_Idm,0.011863228722642498,209
wavelet-HLH,glcm,wavelet-HLH_glcm_Idmn,0.004745291489056998,136
wavelet-HLH,glcm,wavelet-HLH_glcm_Idn,0.007908819148428331,174
wavelet-HLH,glcm,wavelet-HLH_glcm_Imc1,0.006520623204877738,161
wavelet-HLH,glcm,wavelet-HLH_glcm_Imc2,0.02729958561921393,278
wavelet-HLH,glcm,wavelet-HLH_glcm_InverseVariance,0.023726457445285006,266
wavelet-HLH,glcm,wavelet-HLH_glcm_JointAverage,0.02364850236128819,265
wavelet-HLH,glcm,wavelet-HLH_glcm_JointEnergy,0.012303377444190033,214
wavelet-HLH,glcm,wavelet-HLH_glcm_JointEntropy,0.0313948810074196,293
wavelet-HLH,glcm,wavelet-HLH_glcm_MaximumProbability,0.031200855108574437,292
wavelet-HLH,glcm,wavelet-HLH_glcm_SumEntropy,0.01486658532205125,229
wavelet-HLH,glcm,wavelet-HLH_glcm_SumSquares,0.006022931833697604,154
wavelet-HLH,gldm,wavelet-HLH_gldm_DependenceEntropy,0.03744724002387916,308
wavelet-HLH,gldm,wavelet-HLH_gldm_DependenceNonUniformity,3.7897935225127126,608
wavelet-HLH,gldm,wavelet-HLH_gldm_DependenceNonUniformityNormalized,0.008733765292305486,183
wavelet-HLH,gldm,wavelet-HLH_gldm_DependenceVariance,0.2664007299852735,442
wavelet-HLH,gldm,wavelet-HLH_gldm_GrayLevelNonUniformity,4.270512390240174,615
wavelet-HLH,gldm,wavelet-HLH_gldm_GrayLevelVariance,0.005011475657080998,140
wavelet-HLH,gldm,wavelet-HLH_gldm_HighGrayLevelEmphasis,0.06623819406331428,366
wavelet-HLH,gldm,wavelet-HLH_gldm_LargeDependenceEmphasis,1.7448615245701475,557
wavelet-HLH,gldm,wavelet-HLH_gldm_LargeDependenceHighGrayLevelEmphasis,8.351865305509417,642
wavelet-HLH,gldm,wavelet-HLH_gldm_LargeDependenceLowGrayLevelEmphasis,0.3050678610648366,452
wavelet-HLH,gldm,wavelet-HLH_gldm_LowGrayLevelEmphasis,0.016559548515828568,236
wavelet-HLH,gldm,wavelet-HLH_gldm_SmallDependenceEmphasis,0.0035215066775781414,118
wavelet-HLH,gldm,wavelet-HLH_gldm_SmallDependenceHighGrayLevelEmphasis,0.009833355762734563,193
wavelet-HLH,gldm,wavelet-HLH_gldm_SmallDependenceLowGrayLevelEmphasis,0.0026197050434498834,104
wavelet-HLH,glrlm,wavelet-HLH_glrlm_GrayLevelNonUniformity,4.218694993675023,614
wavelet-HLH,glrlm,wavelet-HLH_glrlm_GrayLevelNonUniformityNormalized,3.484105674379511e-4,57
wavelet-HLH,glrlm,wavelet-HLH_glrlm_GrayLevelVariance,1.7420528371897158e-4,53
wavelet-HLH,glrlm,wavelet-HLH_glrlm_HighGrayLevelRunEmphasis,0.01610864068441001,234
wavelet-HLH,glrlm,wavelet-HLH_glrlm_LongRunEmphasis,0.5407115155940112,480
wavelet-HLH,glrlm,wavelet-HLH_glrlm_LongRunHighGrayLevelEmphasis,2.330933766454451,579
wavelet-HLH,glrlm,wavelet-HLH_glrlm_LongRunLowGrayLevelEmphasis,0.11523351320877201,401
wavelet-HLH,glrlm,wavelet-HLH_glrlm_LowGrayLevelRunEmphasis,0.004027160171102498,124
wavelet-HLH,glrlm,wavelet-HLH_glrlm_RunEntropy,0.04380042879739735,322
wavelet-HLH,glrlm,wavelet-HLH_glrlm_RunLengthNonUniformity,7.508441744344534,634
wavelet-HLH,glrlm,wavelet-HLH_glrlm_RunLengthNonUniformityNormalized,0.015582387710203949,232
wavelet-HLH,glrlm,wavelet-HLH_glrlm_RunPercentage,0.019933539433595153,254
wavelet-HLH,glrlm,wavelet-HLH_glrlm_RunVariance,0.3166693270487088,455
wavelet-HLH,glrlm,wavelet-HLH_glrlm_ShortRunEmphasis,0.013514184088015517,223
wavelet-HLH,glrlm,wavelet-HLH_glrlm_ShortRunHighGrayLevelEmphasis,0.0573161708346783,349
wavelet-HLH,glrlm,wavelet-HLH_glrlm_ShortRunLowGrayLevelEmphasis,0.005527221891362641,151
wavelet-HLH,glszm,wavelet-HLH_glszm_GrayLevelNonUniformity,2.0162296782849887,566
wavelet-HLH,glszm,wavelet-HLH_glszm_GrayLevelNonUniformityNormalized,0.06102162831909009,357
wavelet-HLH,glszm,wavelet-HLH_glszm_GrayLevelVariance,0.030510814159545048,288
wavelet-HLH,glszm,wavelet-HLH_glszm_HighGrayLevelZoneEmphasis,0.14136805828230786,412
wavelet-HLH,glszm,wavelet-HLH_glszm_LargeAreaEmphasis,613.0242677547561,775
wavelet-HLH,glszm,wavelet-HLH_glszm_LargeAreaHighGrayLevelEmphasis,2446.7166740298303,786
wavelet-HLH,glszm,wavelet-HLH_glszm_LargeAreaLowGrayLevelEmphasis,165.33130864503377,765
wavelet-HLH,glszm,wavelet-HLH_glszm_LowGrayLevelZoneEmphasis,0.03534201457057696,302
wavelet-HLH,glszm,wavelet-HLH_glszm_SizeZoneNonUniformity,0.5195419930151193,477
wavelet-HLH,glszm,wavelet-HLH_glszm_SizeZoneNonUniformityNormalized,0.018619661052412213,247
wavelet-HLH,glszm,wavelet-HLH_glszm_SmallAreaEmphasis,0.047594558533366735,328
wavelet-HLH,glszm,wavelet-HLH_glszm_SmallAreaHighGrayLevelEmphasis,0.0638081626427163,362
wavelet-HLH,glszm,wavelet-HLH_glszm_SmallAreaLowGrayLevelEmphasis,0.04884089851571772,333
wavelet-HLH,glszm,wavelet-HLH_glszm_ZoneEntropy,0.18823138738604128,423
wavelet-HLH,glszm,wavelet-HLH_glszm_ZonePercentage,0.00461758113347296,133
wavelet-HLH,glszm,wavelet-HLH_glszm_ZoneVariance,575.8197695887552,773
wavelet-HLH,ngtdm,wavelet-HLH_ngtdm_Busyness,8.012514391949855,638
wavelet-HLH,ngtdm,wavelet-HLH_ngtdm_Coarseness,6.12674301330395e-4,68
wavelet-HLH,ngtdm,wavelet-HLH_ngtdm_Complexity,0.0246482325049888,269
wavelet-HLH,ngtdm,wavelet-HLH_ngtdm_Contrast,0.007681432251125912,170
wavelet-HLH,ngtdm,wavelet-HLH_ngtdm_Strength,5.736737747622183e-4,66
wavelet-HLL,firstorder,wavelet-HLL_firstorder_10Percentile,34.38927339661286,704
wavelet-HLL,firstorder,wavelet-HLL_firstorder_90Percentile,29.770474753335733,698
wavelet-HLL,firstorder,wavelet-HLL_firstorder_Energy,3441999.0071849558,803
wavelet-HLL,firstorder,wavelet-HLL_firstorder_Entropy,0.25586998756088913,440
wavelet-HLL,firstorder,wavelet-HLL_firstorder_InterquartileRange,37.562289821922114,711
wavelet-HLL,firstorder,wavelet-HLL_firstorder_Kurtosis,1.1500528842903905,532
wavelet-HLL,firstorder,wavelet-HLL_firstorder_Maximum,60.39266491327239,716
wavelet-HLL,firstorder,wavelet-HLL_firstorder_Mean,1.1703011217685524,535
wavelet-HLL,firstorder,wavelet-HLL_firstorder_MeanAbsoluteDeviation,18.150109447634097,681
wavelet-HLL,firstorder,wavelet-HLL_firstorder_Median,3.303213985658094,603
wavelet-HLL,firstorder,wavelet-HLL_firstorder_Minimum,48.04133545811142,713
wavelet-HLL,firstorder,wavelet-HLL_firstorder_Range,101.37709815791845,734
wavelet-HLL,firstorder,wavelet-HLL_firstorder_RobustMeanAbsoluteDeviation,15.078657579631708,672
wavelet-HLL,firstorder,wavelet-HLL_firstorder_RootMeanSquared,3.8260995139660134,610
wavelet-HLL,firstorder,wavelet-HLL_firstorder_Skewness,0.20285851579741054,427
wavelet-HLL,firstorder,wavelet-HLL_firstorder_TotalEnergy,13767996.028739823,806
wavelet-HLL,firstorder,wavelet-HLL_firstorder_Uniformity,0.015902006757960874,233
wavelet-HLL,firstorder,wavelet-HLL_firstorder_Variance,5940.396304636691,791
wavelet-HLL,glcm,wavelet-HLL_glcm_Autocorrelation,117.65150321768363,738
wavelet-HLL,glcm,wavelet-HLL_glcm_ClusterProminence,12020.545024475367,796
wavelet-HLL,glcm,wavelet-HLL_glcm_ClusterShade,62.49980679135328,718
wavelet-HLL,glcm,wavelet-HLL_glcm_ClusterTendency,16.381126624088893,677
wavelet-HLL,glcm,wavelet-HLL_glcm_Contrast,20.774030775576648,688
wavelet-HLL,glcm,wavelet-HLL_glcm_Correlation,0.04783087623492573,329
wavelet-HLL,glcm,wavelet-HLL_glcm_DifferenceAverage,1.14543819016452,528
wavelet-HLL,glcm,wavelet-HLL_glcm_DifferenceEntropy,0.2685531234174794,444
wavelet-HLL,glcm,wavelet-HLL_glcm_DifferenceVariance,6.633328317970602,628
wavelet-HLL,glcm,wavelet-HLL_glcm_Id,0.04806898595398033,330
wavelet-HLL,glcm,wavelet-HLL_glcm_Idm,0.05160837863839116,342
wavelet-HLL,glcm,wavelet-HLL_glcm_Idmn,0.004272688793605449,129
wavelet-HLL,glcm,wavelet-HLL_glcm_Idn,0.012063083977529847,211
wavelet-HLL,glcm,wavelet-HLL_glcm_Imc1,0.012639062269029312,216
wavelet-HLL,glcm,wavelet-HLL_glcm_Imc2,0.01812665954087156,245
wavelet-HLL,glcm,wavelet-HLL_glcm_InverseVariance,0.04758716747063406,327
wavelet-HLL,glcm,wavelet-HLL_glcm_JointAverage,1.9572396645597976,563
wavelet-HLL,glcm,wavelet-HLL_glcm_JointEnergy,0.00419812089165712,127
wavelet-HLL,glcm,wavelet-HLL_glcm_JointEntropy,0.4578835519289028,473
wavelet-HLL,glcm,wavelet-HLL_glcm_MaximumProbability,0.012387401365373817,215
wavelet-HLL,glcm,wavelet-HLL_glcm_SumEntropy,0.22481998491452557,434
wavelet-HLL,glcm,wavelet-HLL_glcm_SumSquares,9.27530189136048,651
wavelet-HLL,gldm,wavelet-HLL_gldm_DependenceEntropy,0.08492600920484614,385
wavelet-HLL,gldm,wavelet-HLL_gldm_DependenceNonUniformity,32.82312383064957,701
wavelet-HLL,gldm,wavelet-HLL_gldm_DependenceNonUniformityNormalized,0.07484947485040958,376
wavelet-HLL,gldm,wavelet-HLL_gldm_DependenceVariance,0.26792236758817106,443
wavelet-HLL,gldm,wavelet-HLL_gldm_GrayLevelNonUniformity,7.121887888067815,631
wavelet-HLL,gldm,wavelet-HLL_gldm_GrayLevelVariance,9.503846378874966,654
wavelet-HLL,gldm,wavelet-HLL_gldm_HighGrayLevelEmphasis,125.06397302715456,743
wavelet-HLL,gldm,wavelet-HLL_gldm_LargeDependenceEmphasis,0.8859228190160711,513
wavelet-HLL,gldm,wavelet-HLL_gldm_LargeDependenceHighGrayLevelEmphasis,436.48518273692326,770
wavelet-HLL,gldm,wavelet-HLL_gldm_LargeDependenceLowGrayLevelEmphasis,0.002476311935390505,100
wavelet-HLL,gldm,wavelet-HLL_gldm_LowGrayLevelEmphasis,7.165503006225231e-4,75
wavelet-HLL,gldm,wavelet-HLL_gldm_SmallDependenceEmphasis,0.06997707168244342,371
wavelet-HLL,gldm,wavelet-HLL_gldm_SmallDependenceHighGrayLevelEmphasis,141.27857782900347,754
wavelet-HLL,gldm,wavelet-HLL_gldm_SmallDependenceLowGrayLevelEmphasis,6.002263408744603e-4,67
wavelet-HLL,glrlm,wavelet-HLL_glrlm_GrayLevelNonUniformity,4.683018828465913,619
wavelet-HLL,glrlm,wavelet-HLL_glrlm_GrayLevelNonUniformityNormalized,0.013180974436474835,221
wavelet-HLL,glrlm,wavelet-HLL_glrlm_GrayLevelVariance,9.182424063254803,650
wavelet-HLL,glrlm,wavelet-HLL_glrlm_HighGrayLevelRunEmphasis,124.69866473810049,742
wavelet-HLL,glrlm,wavelet-HLL_glrlm_LongRunEmphasis,0.10209074600232411,396
wavelet-HLL,glrlm,wavelet-HLL_glrlm_LongRunHighGrayLevelEmphasis,109.02492303890237,735
wavelet-HLL,glrlm,wavelet-HLL_glrlm_LongRunLowGrayLevelEmphasis,9.953508238308294e-4,81
wavelet-HLL,glrlm,wavelet-HLL_glrlm_LowGrayLevelRunEmphasis,8.093451698143381e-4,80
wavelet-HLL,glrlm,wavelet-HLL_glrlm_RunEntropy,0.15034813466682534,416
wavelet-HLL,glrlm,wavelet-HLL_glrlm_RunLengthNonUniformity,23.11650437933427,693
wavelet-HLL,glrlm,wavelet-HLL_glrlm_RunLengthNonUniformityNormalized,0.03605101570114237,305
wavelet-HLL,glrlm,wavelet-HLL_glrlm_RunPercentage,0.022882911539561693,262
wavelet-HLL,glrlm,wavelet-HLL_glrlm_RunVariance,0.04051530321171996,314
wavelet-HLL,glrlm,wavelet-HLL_glrlm_ShortRunEmphasis,0.016529031722876744,235
wavelet-HLL,glrlm,wavelet-HLL_glrlm_ShortRunHighGrayLevelEmphasis,129.38717497888007,747
wavelet-HLL,glrlm,wavelet-HLL_glrlm_ShortRunLowGrayLevelEmphasis,7.804810133248694e-4,77
wavelet-HLL,glszm,wavelet-HLL_glszm_GrayLevelNonUniformity,1.3384423166849757,540
wavelet-HLL,glszm,wavelet-HLL_glszm_GrayLevelNonUniformityNormalized,0.00794583311688612,175
wavelet-HLL,glszm,wavelet-HLL_glszm_GrayLevelVariance,8.19659577941143,640
wavelet-HLL,glszm,wavelet-HLL_glszm_HighGrayLevelZoneEmphasis,124.19590240081372,741
wavelet-HLL,glszm,wavelet-HLL_glszm_LargeAreaEmphasis,1.3468147201316407,542
wavelet-HLL,glszm,wavelet-HLL_glszm_LargeAreaHighGrayLevelEmphasis,675.7032769541157,777
wavelet-HLL,glszm,wavelet-HLL_glszm_LargeAreaLowGrayLevelEmphasis,0.003953357973059534,123
wavelet-HLL,glszm,wavelet-HLL_glszm_LowGrayLevelZoneEmphasis,0.0011982468045325181,84
wavelet-HLL,glszm,wavelet-HLL_glszm_SizeZoneNonUniformity,37.04953645543284,708
wavelet-HLL,glszm,wavelet-HLL_glszm_SizeZoneNonUniformityNormalized,0.05820602403230915,352
wavelet-HLL,glszm,wavelet-HLL_glszm_SmallAreaEmphasis,0.03485914255606862,300
wavelet-HLL,glszm,wavelet-HLL_glszm_SmallAreaHighGrayLevelEmphasis,130.80960569805353,748
wavelet-HLL,glszm,wavelet-HLL_glszm_SmallAreaLowGrayLevelEmphasis,0.0011272983986751152,83
wavelet-HLL,glszm,wavelet-HLL_glszm_ZoneEntropy,0.06020329056132874,355
wavelet-HLL,glszm,wavelet-HLL_glszm_ZonePercentage,0.06596347569113,365
wavelet-HLL,glszm,wavelet-HLL_glszm_ZoneVariance,0.9589433445922974,517
wavelet-HLL,ngtdm,wavelet-HLL_ngtdm_Busyness,0.004032580045499663,125
wavelet-HLL,ngtdm,wavelet-HLL_ngtdm_Coarseness,7.08535684030022e-4,73
wavelet-HLL,ngtdm,wavelet-HLL_ngtdm_Complexity,1009.8809740447008,780
wavelet-HLL,ngtdm,wavelet-HLL_ngtdm_Contrast,0.07345591229472052,375
wavelet-HLL,ngtdm,wavelet-HLL_ngtdm_Strength,0.5658155311226672,485
wavelet-LHH,firstorder,wavelet-LHH_firstorder_10Percentile,2.8813065867272955e-15,29
wavelet-LHH,firstorder,wavelet-LHH_firstorder_90Percentile,2.3431437458782978e-15,21
wavelet-LHH,firstorder,wavelet-LHH_firstorder_Energy,0,1
wavelet-LHH,firstorder,wavelet-LHH_firstorder_Entropy,0.02082914299667546,256
wavelet-LHH,firstorder,wavelet-LHH_firstorder_InterquartileRange,2.6383477274041763e-15,26
wavelet-LHH,firstorder,wavelet-LHH_firstorder_Kurtosis,1.4745810829520531,544
wavelet-LHH,firstorder,wavelet-LHH_firstorder_Maximum,8.898933983560504e-15,38
wavelet-LHH,firstorder,wavelet-LHH_firstorder_Mean,2.3022607955178394e-16,10
wavelet-LHH,firstorder,wavelet-LHH_firstorder_MeanAbsoluteDeviation,1.4220040367495054e-15,16
wavelet-LHH,firstorder,wavelet-LHH_firstorder_Median,3.1483009796723227e-16,11
wavelet-LHH,firstorder,wavelet-LHH_firstorder_Minimum,1.0343374756513367e-14,41
wavelet-LHH,firstorder,wavelet-LHH_firstorder_Range,1.6082099518393898e-14,44
wavelet-LHH,firstorder,wavelet-LHH_firstorder_RobustMeanAbsoluteDeviation,1.0563433700193517e-15,13
wavelet-LHH,firstorder,wavelet-LHH_firstorder_RootMeanSquared,0,1
wavelet-LHH,firstorder,wavelet-LHH_firstorder_Skewness,0.2747865775749247,446
wavelet-LHH,firstorder,wavelet-LHH_firstorder_TotalEnergy,0,1
wavelet-LHH,firstorder,wavelet-LHH_firstorder_Uniformity,0.01386899979165368,225
wavelet-LHH,firstorder,wavelet-LHH_firstorder_Variance,5.687715093880402e-29,4
wavelet-LHH,glcm,wavelet-LHH_glcm_Autocorrelation,0.08369395830639904,384
wavelet-LHH,glcm,wavelet-LHH_glcm_ClusterProminence,0.012062695791272091,210
wavelet-LHH,glcm,wavelet-LHH_glcm_ClusterShade,0.02664196256963094,275
wavelet-LHH,glcm,wavelet-LHH_glcm_ClusterTendency,0.01026033007772961,200
wavelet-LHH,glcm,wavelet-LHH_glcm_Contrast,0.026383387293926863,274
wavelet-LHH,glcm,wavelet-LHH_glcm_Correlation,0.027514054689427872,279
wavelet-LHH,glcm,wavelet-LHH_glcm_DifferenceAverage,0.026383387293926863,274
wavelet-LHH,glcm,wavelet-LHH_glcm_DifferenceEntropy,0.009483253512354049,191
wavelet-LHH,glcm,wavelet-LHH_glcm_DifferenceVariance,0.003123542358107836,111
wavelet-LHH,glcm,wavelet-LHH_glcm_Id,0.013191693646963426,222
wavelet-LHH,glcm,wavelet-LHH_glcm_Idm,0.013191693646963426,222
wavelet-LHH,glcm,wavelet-LHH_glcm_Idmn,0.005276677458785368,148
wavelet-LHH,glcm,wavelet-LHH_glcm_Idn,0.008794462431308952,185
wavelet-LHH,glcm,wavelet-LHH_glcm_Imc1,0.006184719724464353,156
wavelet-LHH,glcm,wavelet-LHH_glcm_Imc2,0.025530883470448372,273
wavelet-LHH,glcm,wavelet-LHH_glcm_InverseVariance,0.026383387293926863,274
wavelet-LHH,glcm,wavelet-LHH_glcm_JointAverage,0.023638690043939835,264
wavelet-LHH,glcm,wavelet-LHH_glcm_JointEnergy,0.018322662460329993,246
wavelet-LHH,glcm,wavelet-LHH_glcm_JointEntropy,0.045320359516354325,325
wavelet-LHH,glcm,wavelet-LHH_glcm_MaximumProbability,0.03569704815689462,303
wavelet-LHH,glcm,wavelet-LHH_glcm_SumEntropy,0.022778875962460234,260
wavelet-LHH,glcm,wavelet-LHH_glcm_SumSquares,0.008073012858497685,176
wavelet-LHH,gldm,wavelet-LHH_gldm_DependenceEntropy,0.04186683868205826,319
wavelet-LHH,gldm,wavelet-LHH_gldm_DependenceNonUniformity,3.0913636654006917,597
wavelet-LHH,gldm,wavelet-LHH_gldm_DependenceNonUniformityNormalized,0.007093523031738086,168
wavelet-LHH,gldm,wavelet-LHH_gldm_DependenceVariance,0.27712656640530087,447
wavelet-LHH,gldm,wavelet-LHH_gldm_GrayLevelNonUniformity,5.866808845144608,624
wavelet-LHH,gldm,wavelet-LHH_gldm_GrayLevelVariance,0.006934499895826839,164
wavelet-LHH,gldm,wavelet-LHH_gldm_HighGrayLevelEmphasis,0.06774560947342145,369
wavelet-LHH,gldm,wavelet-LHH_gldm_LargeDependenceEmphasis,1.9773950333502555,564
wavelet-LHH,gldm,wavelet-LHH_gldm_LargeDependenceHighGrayLevelEmphasis,9.072402759490632,649
wavelet-LHH,gldm,wavelet-LHH_gldm_LargeDependenceLowGrayLevelEmphasis,0.3176704132031907,456
wavelet-LHH,gldm,wavelet-LHH_gldm_LowGrayLevelEmphasis,0.01693640236835536,238
wavelet-LHH,gldm,wavelet-LHH_gldm_SmallDependenceEmphasis,0.003926645256783989,122
wavelet-LHH,gldm,wavelet-LHH_gldm_SmallDependenceHighGrayLevelEmphasis,0.009412844747608805,190
wavelet-LHH,gldm,wavelet-LHH_gldm_SmallDependenceLowGrayLevelEmphasis,0.0030037268599604717,110
wavelet-LHH,glrlm,wavelet-LHH_glrlm_GrayLevelNonUniformity,4.569951870119218,617
wavelet-LHH,glrlm,wavelet-LHH_glrlm_GrayLevelNonUniformityNormalized,6.970152649064978e-4,72
wavelet-LHH,glrlm,wavelet-LHH_glrlm_GrayLevelVariance,3.4850763245324653e-4,58
wavelet-LHH,glrlm,wavelet-LHH_glrlm_HighGrayLevelRunEmphasis,0.02070893589024664,255
wavelet-LHH,glrlm,wavelet-LHH_glrlm_LongRunEmphasis,0.7327654302686011,503
wavelet-LHH,glrlm,wavelet-LHH_glrlm_LongRunHighGrayLevelEmphasis,3.079196014201827,596
wavelet-LHH,glrlm,wavelet-LHH_glrlm_LongRunLowGrayLevelEmphasis,0.15911224627892373,418
wavelet-LHH,glrlm,wavelet-LHH_glrlm_LowGrayLevelRunEmphasis,0.005177233972561658,147
wavelet-LHH,glrlm,wavelet-LHH_glrlm_RunEntropy,0.04842894281677822,331
wavelet-LHH,glrlm,wavelet-LHH_glrlm_RunLengthNonUniformity,7.875866846401824,636
wavelet-LHH,glrlm,wavelet-LHH_glrlm_RunLengthNonUniformityNormalized,0.017413557348570727,241
wavelet-LHH,glrlm,wavelet-LHH_glrlm_RunPercentage,0.022005506210480474,259
wavelet-LHH,glrlm,wavelet-LHH_glrlm_RunVariance,0.41108192857161857,468
wavelet-LHH,glrlm,wavelet-LHH_glrlm_ShortRunEmphasis,0.01517629722495147,231
wavelet-LHH,glrlm,wavelet-LHH_glrlm_ShortRunHighGrayLevelEmphasis,0.05841101210314834,353
wavelet-LHH,glrlm,wavelet-LHH_glrlm_ShortRunLowGrayLevelEmphasis,0.006241658527269695,158
wavelet-LHH,glszm,wavelet-LHH_glszm_GrayLevelNonUniformity,1.9314437446559078,562
wavelet-LHH,glszm,wavelet-LHH_glszm_GrayLevelNonUniformityNormalized,0.04872398124744271,332
wavelet-LHH,glszm,wavelet-LHH_glszm_GrayLevelVariance,0.02436199062372136,267
wavelet-LHH,glszm,wavelet-LHH_glszm_HighGrayLevelZoneEmphasis,0.09859602916493683,395
wavelet-LHH,glszm,wavelet-LHH_glszm_LargeAreaEmphasis,580.9910720012689,774
wavelet-LHH,glszm,wavelet-LHH_glszm_LargeAreaHighGrayLevelEmphasis,2326.4309685699677,784
wavelet-LHH,glszm,wavelet-LHH_glszm_LargeAreaLowGrayLevelEmphasis,148.88645507290806,757
wavelet-LHH,glszm,wavelet-LHH_glszm_LowGrayLevelZoneEmphasis,0.0246490072912342,270
wavelet-LHH,glszm,wavelet-LHH_glszm_SizeZoneNonUniformity,0.5361138164983847,479
wavelet-LHH,glszm,wavelet-LHH_glszm_SizeZoneNonUniformityNormalized,0.01691739245678897,237
wavelet-LHH,glszm,wavelet-LHH_glszm_SmallAreaEmphasis,0.042764462491083226,320
wavelet-LHH,glszm,wavelet-LHH_glszm_SmallAreaHighGrayLevelEmphasis,0.05446341384849953,346
wavelet-LHH,glszm,wavelet-LHH_glszm_SmallAreaLowGrayLevelEmphasis,0.04320798066279299,321
wavelet-LHH,glszm,wavelet-LHH_glszm_ZoneEntropy,0.1704958117745368,422
wavelet-LHH,glszm,wavelet-LHH_glszm_ZonePercentage,0.004635147919919849,134
wavelet-LHH,glszm,wavelet-LHH_glszm_ZoneVariance,549.5036288657636,771
wavelet-LHH,ngtdm,wavelet-LHH_ngtdm_Busyness,6.598913351283887,627
wavelet-LHH,ngtdm,wavelet-LHH_ngtdm_Coarseness,7.897359771216741e-4,79
wavelet-LHH,ngtdm,wavelet-LHH_ngtdm_Complexity,0.027031843433924625,276
wavelet-LHH,ngtdm,wavelet-LHH_ngtdm_Contrast,0.008637887980510458,182
wavelet-LHH,ngtdm,wavelet-LHH_ngtdm_Strength,7.320460070390441e-4,76
wavelet-LHL,firstorder,wavelet-LHL_firstorder_10Percentile,34.54861012789552,705
wavelet-LHL,firstorder,wavelet-LHL_firstorder_90Percentile,22.39012358826942,690
wavelet-LHL,firstorder,wavelet-LHL_firstorder_Energy,4155513.3806147086,804
wavelet-LHL,firstorder,wavelet-LHL_firstorder_Entropy,0.22870804970419775,437
wavelet-LHL,firstorder,wavelet-LHL_firstorder_InterquartileRange,36.90869944234836,707
wavelet-LHL,firstorder,wavelet-LHL_firstorder_Kurtosis,0.7410764405093939,504
wavelet-LHL,firstorder,wavelet-LHL_firstorder_Maximum,70.98908210375588,720
wavelet-LHL,firstorder,wavelet-LHL_firstorder_Mean,1.5357588544365244,549
wavelet-LHL,firstorder,wavelet-LHL_firstorder_MeanAbsoluteDeviation,17.198247298376653,679
wavelet-LHL,firstorder,wavelet-LHL_firstorder_Median,5.6977721934699455,622
wavelet-LHL,firstorder,wavelet-LHL_firstorder_Minimum,52.175475632221165,714
wavelet-LHL,firstorder,wavelet-LHL_firstorder_Range,114.76337707631498,737
wavelet-LHL,firstorder,wavelet-LHL_firstorder_RobustMeanAbsoluteDeviation,14.297116962305063,669
wavelet-LHL,firstorder,wavelet-LHL_firstorder_RootMeanSquared,4.5141879855754,616
wavelet-LHL,firstorder,wavelet-LHL_firstorder_Skewness,0.13885147937711986,410
wavelet-LHL,firstorder,wavelet-LHL_firstorder_TotalEnergy,16622053.522458835,807
wavelet-LHL,firstorder,wavelet-LHL_firstorder_Uniformity,0.012912511361288827,218
wavelet-LHL,firstorder,wavelet-LHL_firstorder_Variance,6774.005294335976,792
wavelet-LHL,glcm,wavelet-LHL_glcm_Autocorrelation,152.5589069533702,758
wavelet-LHL,glcm,wavelet-LHL_glcm_ClusterProminence,20389.860852961803,798
wavelet-LHL,glcm,wavelet-LHL_glcm_ClusterShade,94.08701807078837,727
wavelet-LHL,glcm,wavelet-LHL_glcm_ClusterTendency,18.65664234428687,682
wavelet-LHL,glcm,wavelet-LHL_glcm_Contrast,22.87246109005149,692
wavelet-LHL,glcm,wavelet-LHL_glcm_Correlation,0.027259462466507556,277
wavelet-LHL,glcm,wavelet-LHL_glcm_DifferenceAverage,1.085298507545768,525
wavelet-LHL,glcm,wavelet-LHL_glcm_DifferenceEntropy,0.21998495532726614,432
wavelet-LHL,glcm,wavelet-LHL_glcm_DifferenceVariance,7.20745456722565,632
wavelet-LHL,glcm,wavelet-LHL_glcm_Id,0.041336168366295264,317
wavelet-LHL,glcm,wavelet-LHL_glcm_Idm,0.04411749017266733,323
wavelet-LHL,glcm,wavelet-LHL_glcm_Idmn,0.002763064815549985,106
wavelet-LHL,glcm,wavelet-LHL_glcm_Idn,0.00878978137978937,184
wavelet-LHL,glcm,wavelet-LHL_glcm_Imc1,0.011511649523820952,207
wavelet-LHL,glcm,wavelet-LHL_glcm_Imc2,0.012210346085890805,212
wavelet-LHL,glcm,wavelet-LHL_glcm_InverseVariance,0.04065206509556354,316
wavelet-LHL,glcm,wavelet-LHL_glcm_JointAverage,2.1373231391212526,570
wavelet-LHL,glcm,wavelet-LHL_glcm_JointEnergy,0.0032621147962480974,112
wavelet-LHL,glcm,wavelet-LHL_glcm_JointEntropy,0.3922991034050299,467
wavelet-LHL,glcm,wavelet-LHL_glcm_MaximumProbability,0.010919058962749313,206
wavelet-LHL,glcm,wavelet-LHL_glcm_SumEntropy,0.19553310138561006,424
wavelet-LHL,glcm,wavelet-LHL_glcm_SumSquares,10.368561262784379,659
wavelet-LHL,gldm,wavelet-LHL_gldm_DependenceEntropy,0.07741336784307686,378
wavelet-LHL,gldm,wavelet-LHL_gldm_DependenceNonUniformity,31.081197012301534,700
wavelet-LHL,gldm,wavelet-LHL_gldm_DependenceNonUniformityNormalized,0.07071109437064312,373
wavelet-LHL,gldm,wavelet-LHL_gldm_DependenceVariance,0.24087800800165224,439
wavelet-LHL,gldm,wavelet-LHL_gldm_GrayLevelNonUniformity,5.7923482051716695,623
wavelet-LHL,gldm,wavelet-LHL_gldm_GrayLevelVariance,10.83360764181213,662
wavelet-LHL,gldm,wavelet-LHL_gldm_HighGrayLevelEmphasis,159.86041657851217,762
wavelet-LHL,gldm,wavelet-LHL_gldm_LargeDependenceEmphasis,0.7534660977535993,505
wavelet-LHL,gldm,wavelet-LHL_gldm_LargeDependenceHighGrayLevelEmphasis,563.2676857553562,772
wavelet-LHL,gldm,wavelet-LHL_gldm_LargeDependenceLowGrayLevelEmphasis,0.002031967530046112,90
wavelet-LHL,gldm,wavelet-LHL_gldm_LowGrayLevelEmphasis,4.8481250793577606e-4,62
wavelet-LHL,gldm,wavelet-LHL_gldm_SmallDependenceEmphasis,0.06169437709692002,359
wavelet-LHL,gldm,wavelet-LHL_gldm_SmallDependenceHighGrayLevelEmphasis,179.95193318399924,767
wavelet-LHL,gldm,wavelet-LHL_gldm_SmallDependenceLowGrayLevelEmphasis,3.924774307713628e-4,60
wavelet-LHL,glrlm,wavelet-LHL_glrlm_GrayLevelNonUniformity,3.789979155246632,609
wavelet-LHL,glrlm,wavelet-LHL_glrlm_GrayLevelNonUniformityNormalized,0.010443519796557481,202
wavelet-LHL,glrlm,wavelet-LHL_glrlm_GrayLevelVariance,10.440835909416016,661
wavelet-LHL,glrlm,wavelet-LHL_glrlm_HighGrayLevelRunEmphasis,158.62918665674476,761
wavelet-LHL,glrlm,wavelet-LHL_glrlm_LongRunEmphasis,0.08740691847504439,388
wavelet-LHL,glrlm,wavelet-LHL_glrlm_LongRunHighGrayLevelEmphasis,142.30983279138465,755
wavelet-LHL,glrlm,wavelet-LHL_glrlm_LongRunLowGrayLevelEmphasis,6.90688893204681e-4,71
wavelet-LHL,glrlm,wavelet-LHL_glrlm_LowGrayLevelRunEmphasis,5.045046864182066e-4,63
wavelet-LHL,glrlm,wavelet-LHL_glrlm_RunEntropy,0.13669616755447742,408
wavelet-LHL,glrlm,wavelet-LHL_glrlm_RunLengthNonUniformity,20.123852442257352,686
wavelet-LHL,glrlm,wavelet-LHL_glrlm_RunLengthNonUniformityNormalized,0.031027272846172658,290
wavelet-LHL,glrlm,wavelet-LHL_glrlm_RunPercentage,0.019729627223097693,253
wavelet-LHL,glrlm,wavelet-LHL_glrlm_RunVariance,0.03519594685848844,301
wavelet-LHL,glrlm,wavelet-LHL_glrlm_ShortRunEmphasis,0.01406362045095565,226
wavelet-LHL,glrlm,wavelet-LHL_glrlm_ShortRunHighGrayLevelEmphasis,164.52343404466814,764
wavelet-LHL,glrlm,wavelet-LHL_glrlm_ShortRunLowGrayLevelEmphasis,4.657959745104776e-4,61
wavelet-LHL,glszm,wavelet-LHL_glszm_GrayLevelNonUniformity,1.0800502993479766,524
wavelet-LHL,glszm,wavelet-LHL_glszm_GrayLevelNonUniformityNormalized,0.005968424722994878,152
wavelet-LHL,glszm,wavelet-LHL_glszm_GrayLevelVariance,9.427341117348343,653
wavelet-LHL,glszm,wavelet-LHL_glszm_HighGrayLevelZoneEmphasis,155.8312009349508,760
wavelet-LHL,glszm,wavelet-LHL_glszm_LargeAreaEmphasis,0.9550051100710575,515
wavelet-LHL,glszm,wavelet-LHL_glszm_LargeAreaHighGrayLevelEmphasis,792.9067205606449,779
wavelet-LHL,glszm,wavelet-LHL_glszm_LargeAreaLowGrayLevelEmphasis,0.0020832430800004965,91
wavelet-LHL,glszm,wavelet-LHL_glszm_LowGrayLevelZoneEmphasis,6.558787942349707e-4,69
wavelet-LHL,glszm,wavelet-LHL_glszm_SizeZoneNonUniformity,33.580029698503836,702
wavelet-LHL,glszm,wavelet-LHL_glszm_SizeZoneNonUniformityNormalized,0.051480456151645836,340
wavelet-LHL,glszm,wavelet-LHL_glszm_SmallAreaEmphasis,0.029903554350523113,286
wavelet-LHL,glszm,wavelet-LHL_glszm_SmallAreaHighGrayLevelEmphasis,163.20003900012853,763
wavelet-LHL,glszm,wavelet-LHL_glszm_SmallAreaLowGrayLevelEmphasis,7.104055185145112e-4,74
wavelet-LHL,glszm,wavelet-LHL_glszm_ZoneEntropy,0.05421552316254917,345
wavelet-LHL,glszm,wavelet-LHL_glszm_ZonePercentage,0.05733928462005595,350
wavelet-LHL,glszm,wavelet-LHL_glszm_ZoneVariance,0.6556446803128347,497
wavelet-LHL,ngtdm,wavelet-LHL_ngtdm_Busyness,0.003272826377380361,113
wavelet-LHL,ngtdm,wavelet-LHL_ngtdm_Coarseness,5.467664054821763e-4,64
wavelet-LHL,ngtdm,wavelet-LHL_ngtdm_Complexity,1294.4142630557815,782
wavelet-LHL,ngtdm,wavelet-LHL_ngtdm_Contrast,0.06869983619992528,370
wavelet-LHL,ngtdm,wavelet-LHL_ngtdm_Strength,0.6985803270592055,499
wavelet-LLH,firstorder,wavelet-LLH_firstorder_10Percentile,5.380948622542485e-15,31
wavelet-LLH,firstorder,wavelet-LLH_firstorder_90Percentile,1.0123609267960025e-14,40
wavelet-LLH,firstorder,wavelet-LLH_firstorder_Energy,5.327467995930494e-9,47
wavelet-LLH,firstorder,wavelet-LLH_firstorder_Entropy,0.017954390434190302,244
wavelet-LLH,firstorder,wavelet-LLH_firstorder_InterquartileRange,3.82381569948844e-15,30
wavelet-LLH,firstorder,wavelet-LLH_firstorder_Kurtosis,0.4714984733472596,474
wavelet-LLH,firstorder,wavelet-LLH_firstorder_Maximum,2.1017695262602985e-14,45
wavelet-LLH,firstorder,wavelet-LLH_firstorder_Mean,8.104036309730795e-15,32
wavelet-LLH,firstorder,wavelet-LLH_firstorder_MeanAbsoluteDeviation,1.9074249131847775e-15,20
wavelet-LLH,firstorder,wavelet-LLH_firstorder_Median,8.998154525009218e-15,39
wavelet-LLH,firstorder,wavelet-LLH_firstorder_Minimum,8.449744968759926e-15,35
wavelet-LLH,firstorder,wavelet-LLH_firstorder_Range,2.309403797373834e-14,46
wavelet-LLH,firstorder,wavelet-LLH_firstorder_RobustMeanAbsoluteDeviation,1.459258657934827e-15,17
wavelet-LLH,firstorder,wavelet-LLH_firstorder_RootMeanSquared,6.93212425131805e-16,12
wavelet-LLH,firstorder,wavelet-LLH_firstorder_Skewness,0.14450943938528515,415
wavelet-LLH,firstorder,wavelet-LLH_firstorder_TotalEnergy,1.3205094066092639e-8,48
wavelet-LLH,firstorder,wavelet-LLH_firstorder_Uniformity,0.004990834876799282,139
wavelet-LLH,firstorder,wavelet-LLH_firstorder_Variance,2.5217774169542725e-28,5
wavelet-LLH,glcm,wavelet-LLH_glcm_Autocorrelation,0.13950574029269996,411
wavelet-LLH,glcm,wavelet-LLH_glcm_ClusterProminence,0.00511752959265034,144
wavelet-LLH,glcm,wavelet-LLH_glcm_ClusterShade,0.0049058822774086476,137
wavelet-LLH,glcm,wavelet-LLH_glcm_ClusterTendency,0.005079297905335302,142
wavelet-LLH,glcm,wavelet-LLH_glcm_Contrast,0.005099016806774108,143
wavelet-LLH,glcm,wavelet-LLH_glcm_Correlation,0.04966331478837163,335
wavelet-LLH,glcm,wavelet-LLH_glcm_DifferenceAverage,0.005099016806774108,143
wavelet-LLH,glcm,wavelet-LLH_glcm_DifferenceEntropy,0.03119374097959563,291
wavelet-LLH,glcm,wavelet-LLH_glcm_DifferenceVariance,0.004927133834513511,138
wavelet-LLH,glcm,wavelet-LLH_glcm_Id,0.0025495084033870506,103
wavelet-LLH,glcm,wavelet-LLH_glcm_Idm,0.0025495084033870506,103
wavelet-LLH,glcm,wavelet-LLH_glcm_Idmn,0.0010198033613548175,82
wavelet-LLH,glcm,wavelet-LLH_glcm_Idn,0.0016996722689247015,88
wavelet-LLH,glcm,wavelet-LLH_glcm_Imc1,0.002191179780126334,94
wavelet-LLH,glcm,wavelet-LLH_glcm_Imc2,0.0062025604966147955,157
wavelet-LLH,glcm,wavelet-LLH_glcm_InverseVariance,0.005099016806774108,143
wavelet-LLH,glcm,wavelet-LLH_glcm_JointAverage,0.04588595111787703,326
wavelet-LLH,glcm,wavelet-LLH_glcm_JointEnergy,0.010012234428991521,195
wavelet-LLH,glcm,wavelet-LLH_glcm_JointEntropy,0.036665626497455084,306
wavelet-LLH,glcm,wavelet-LLH_glcm_MaximumProbability,0.00513615929773732,145
wavelet-LLH,glcm,wavelet-LLH_glcm_SumEntropy,0.03156800671115918,294
wavelet-LLH,glcm,wavelet-LLH_glcm_SumSquares,0.0025432012760998653,102
wavelet-LLH,gldm,wavelet-LLH_gldm_DependenceEntropy,0.03574878428458236,304
wavelet-LLH,gldm,wavelet-LLH_gldm_DependenceNonUniformity,3.8413191528455157,611
wavelet-LLH,gldm,wavelet-LLH_gldm_DependenceNonUniformityNormalized,0.008524764801810506,180
wavelet-LLH,gldm,wavelet-LLH_gldm_DependenceVariance,0.10981998294624909,398
wavelet-LLH,gldm,wavelet-LLH_gldm_GrayLevelNonUniformity,2.163312146036253,573
wavelet-LLH,gldm,wavelet-LLH_gldm_GrayLevelVariance,0.002495417438399635,101
wavelet-LLH,gldm,wavelet-LLH_gldm_HighGrayLevelEmphasis,0.13744029755374101,409
wavelet-LLH,gldm,wavelet-LLH_gldm_LargeDependenceEmphasis,0.42374600915306476,471
wavelet-LLH,gldm,wavelet-LLH_gldm_LargeDependenceHighGrayLevelEmphasis,9.394848122315722,652
wavelet-LLH,gldm,wavelet-LLH_gldm_LargeDependenceLowGrayLevelEmphasis,2.1390105674104305,571
wavelet-LLH,gldm,wavelet-LLH_gldm_LowGrayLevelEmphasis,0.03436007438843525,299
wavelet-LLH,gldm,wavelet-LLH_gldm_SmallDependenceEmphasis,0.0024503262615141485,99
wavelet-LLH,gldm,wavelet-LLH_gldm_SmallDependenceHighGrayLevelEmphasis,0.005151080094002422,146
wavelet-LLH,gldm,wavelet-LLH_gldm_SmallDependenceLowGrayLevelEmphasis,0.0023441379509598756,95
wavelet-LLH,glrlm,wavelet-LLH_glrlm_GrayLevelNonUniformity,0.45540151044076943,472
wavelet-LLH,glrlm,wavelet-LLH_glrlm_GrayLevelNonUniformityNormalized,0.02552062405939723,272
wavelet-LLH,glrlm,wavelet-LLH_glrlm_GrayLevelVariance,0.012760312029698613,217
wavelet-LLH,glrlm,wavelet-LLH_glrlm_HighGrayLevelRunEmphasis,0.16192259586917798,419
wavelet-LLH,glrlm,wavelet-LLH_glrlm_LongRunEmphasis,2.5899868130948285,584
wavelet-LLH,glrlm,wavelet-LLH_glrlm_LongRunHighGrayLevelEmphasis,15.988704817581626,675
wavelet-LLH,glrlm,wavelet-LLH_glrlm_LongRunLowGrayLevelEmphasis,2.720232184150814,588
wavelet-LLH,glrlm,wavelet-LLH_glrlm_LowGrayLevelRunEmphasis,0.04048064896729449,313
wavelet-LLH,glrlm,wavelet-LLH_glrlm_RunEntropy,0.05402516432672514,344
wavelet-LLH,glrlm,wavelet-LLH_glrlm_RunLengthNonUniformity,0.20609407715454395,428
wavelet-LLH,glrlm,wavelet-LLH_glrlm_RunLengthNonUniformityNormalized,0.006731425499774703,162
wavelet-LLH,glrlm,wavelet-LLH_glrlm_RunPercentage,0.004307326701146006,130
wavelet-LLH,glrlm,wavelet-LLH_glrlm_RunVariance,0.32371085345700557,458
wavelet-LLH,glrlm,wavelet-LLH_glrlm_ShortRunEmphasis,0.018990584524091032,249
wavelet-LLH,glrlm,wavelet-LLH_glrlm_ShortRunHighGrayLevelEmphasis,0.04170124251669754,318
wavelet-LLH,glrlm,wavelet-LLH_glrlm_ShortRunLowGrayLevelEmphasis,0.014106969853087438,227
wavelet-LLH,glszm,wavelet-LLH_glszm_GrayLevelNonUniformity,0.8767089778446485,512
wavelet-LLH,glszm,wavelet-LLH_glszm_GrayLevelNonUniformityNormalized,0.060846544763059646,356
wavelet-LLH,glszm,wavelet-LLH_glszm_GrayLevelVariance,0.030423272381529823,287
wavelet-LLH,glszm,wavelet-LLH_glszm_HighGrayLevelZoneEmphasis,0.19616091225847324,426
wavelet-LLH,glszm,wavelet-LLH_glszm_LargeAreaEmphasis,16264.981877168535,797
wavelet-LLH,glszm,wavelet-LLH_glszm_LargeAreaHighGrayLevelEmphasis,44130.9340358415,800
wavelet-LLH,glszm,wavelet-LLH_glszm_LargeAreaLowGrayLevelEmphasis,10079.571638567366,795
wavelet-LLH,glszm,wavelet-LLH_glszm_LowGrayLevelZoneEmphasis,0.04904022806461831,334
wavelet-LLH,glszm,wavelet-LLH_glszm_SizeZoneNonUniformity,0.8412720812949471,511
wavelet-LLH,glszm,wavelet-LLH_glszm_SizeZoneNonUniformityNormalized,0.066424308533003,367
wavelet-LLH,glszm,wavelet-LLH_glszm_SmallAreaEmphasis,0.08748326333264501,390
wavelet-LLH,glszm,wavelet-LLH_glszm_SmallAreaHighGrayLevelEmphasis,0.08748266086412713,389
wavelet-LLH,glszm,wavelet-LLH_glszm_SmallAreaLowGrayLevelEmphasis,0.08748341394977448,391
wavelet-LLH,glszm,wavelet-LLH_glszm_ZoneEntropy,0.13246361069734822,404
wavelet-LLH,glszm,wavelet-LLH_glszm_ZonePercentage,0.0024236311556177664,98
wavelet-LLH,glszm,wavelet-LLH_glszm_ZoneVariance,5812.805125519001,790
wavelet-LLH,ngtdm,wavelet-LLH_ngtdm_Busyness,0.28142590517794913,448
wavelet-LLH,ngtdm,wavelet-LLH_ngtdm_Coarseness,44004.18390424104,799
wavelet-LLH,ngtdm,wavelet-LLH_ngtdm_Complexity,0.005062415001590967,141
wavelet-LLH,ngtdm,wavelet-LLH_ngtdm_Contrast,8.499675572428409e-5,49
wavelet-LLH,ngtdm,wavelet-LLH_ngtdm_Strength,0.14183855927095146,413
wavelet-LLL,firstorder,wavelet-LLL_firstorder_10Percentile,126.95630758986017,745
wavelet-LLL,firstorder,wavelet-LLL_firstorder_90Percentile,78.56828769413292,721
wavelet-LLL,firstorder,wavelet-LLL_firstorder_Energy,184414715.9546506,808
wavelet-LLL,firstorder,wavelet-LLL_firstorder_Entropy,0.2161864389855721,431
wavelet-LLL,firstorder,wavelet-LLL_firstorder_InterquartileRange,23.466039380902405,694
wavelet-LLL,firstorder,wavelet-LLL_firstorder_Kurtosis,0.34781449311932966,462
wavelet-LLL,firstorder,wavelet-LLL_firstorder_Maximum,57.57687951447655,715
wavelet-LLL,firstorder,wavelet-LLL_firstorder_Mean,96.45050046106563,728
wavelet-LLL,firstorder,wavelet-LLL_firstorder_MeanAbsoluteDeviation,12.33396892670566,665
wavelet-LLL,firstorder,wavelet-LLL_firstorder_Median,88.67876556657218,724
wavelet-LLL,firstorder,wavelet-LLL_firstorder_Minimum,176.4543663788479,766
wavelet-LLL,firstorder,wavelet-LLL_firstorder_Range,143.47122535947153,756
wavelet-LLL,firstorder,wavelet-LLL_firstorder_RobustMeanAbsoluteDeviation,8.304447571357159,641
wavelet-LLL,firstorder,wavelet-LLL_firstorder_RootMeanSquared,93.60075963121548,726
wavelet-LLL,firstorder,wavelet-LLL_firstorder_Skewness,0.12836222165479208,403
wavelet-LLL,firstorder,wavelet-LLL_firstorder_TotalEnergy,737658863.8186024,809
wavelet-LLL,firstorder,wavelet-LLL_firstorder_Uniformity,0.01060745157798548,203
wavelet-LLL,firstorder,wavelet-LLL_firstorder_Variance,9495.818219578117,794
wavelet-LLL,glcm,wavelet-LLL_glcm_Autocorrelation,112.10969147093039,736
wavelet-LLL,glcm,wavelet-LLL_glcm_ClusterProminence,98845.0296929887,801
wavelet-LLL,glcm,wavelet-LLL_glcm_ClusterShade,735.9443505181747,778
wavelet-LLL,glcm,wavelet-LLL_glcm_ClusterTendency,37.47743973963273,710
wavelet-LLL,glcm,wavelet-LLL_glcm_Contrast,16.78604660388829,678
wavelet-LLL,glcm,wavelet-LLL_glcm_Correlation,0.010235494116105711,199
wavelet-LLL,glcm,wavelet-LLL_glcm_DifferenceAverage,0.7136338678883024,501
wavelet-LLL,glcm,wavelet-LLL_glcm_DifferenceEntropy,0.1340107616586798,406
wavelet-LLL,glcm,wavelet-LLL_glcm_DifferenceVariance,5.10658533795547,621
wavelet-LLL,glcm,wavelet-LLL_glcm_Id,0.03284548459611169,295
wavelet-LLL,glcm,wavelet-LLL_glcm_Idm,0.03709869960291942,307
wavelet-LLL,glcm,wavelet-LLL_glcm_Idmn,0.001440391787142852,86
wavelet-LLL,glcm,wavelet-LLL_glcm_Idn,0.0027846537900952434,107
wavelet-LLL,glcm,wavelet-LLL_glcm_Imc1,0.01789869145907701,243
wavelet-LLL,glcm,wavelet-LLL_glcm_Imc2,0.012245174843936866,213
wavelet-LLL,glcm,wavelet-LLL_glcm_InverseVariance,0.03061068951388756,289
wavelet-LLL,glcm,wavelet-LLL_glcm_JointAverage,3.181888260559648,600
wavelet-LLL,glcm,wavelet-LLL_glcm_JointEnergy,0.0028149834565036874,108
wavelet-LLL,glcm,wavelet-LLL_glcm_JointEntropy,0.35245519828322774,464
wavelet-LLL,glcm,wavelet-LLL_glcm_MaximumProbability,0.010814722709678723,205
wavelet-LLL,glcm,wavelet-LLL_glcm_SumEntropy,0.2073979312585712,429
wavelet-LLL,glcm,wavelet-LLL_glcm_SumSquares,13.537148773033831,667
wavelet-LLL,gldm,wavelet-LLL_gldm_DependenceEntropy,0.09068891260867411,393
wavelet-LLL,gldm,wavelet-LLL_gldm_DependenceNonUniformity,27.91599692833103,696
wavelet-LLL,gldm,wavelet-LLL_gldm_DependenceNonUniformityNormalized,0.06301422934754992,360
wavelet-LLL,gldm,wavelet-LLL_gldm_DependenceVariance,0.2845294395171685,449
wavelet-LLL,gldm,wavelet-LLL_gldm_GrayLevelNonUniformity,4.8038036380370635,620
wavelet-LLL,gldm,wavelet-LLL_gldm_GrayLevelVariance,15.195522673353686,674
wavelet-LLL,gldm,wavelet-LLL_gldm_HighGrayLevelEmphasis,135.4286268036866,752
wavelet-LLL,gldm,wavelet-LLL_gldm_LargeDependenceEmphasis,0.7996239176276093,506
wavelet-LLL,gldm,wavelet-LLL_gldm_LargeDependenceHighGrayLevelEmphasis,201.2936598444078,768
wavelet-LLL,gldm,wavelet-LLL_gldm_LargeDependenceLowGrayLevelEmphasis,0.06465849672560535,363
wavelet-LLL,gldm,wavelet-LLL_gldm_LowGrayLevelEmphasis,0.008917187243025098,188
wavelet-LLL,gldm,wavelet-LLL_gldm_SmallDependenceEmphasis,0.051244443341477,338
wavelet-LLL,gldm,wavelet-LLL_gldm_SmallDependenceHighGrayLevelEmphasis,120.54935168063636,740
wavelet-LLL,gldm,wavelet-LLL_gldm_SmallDependenceLowGrayLevelEmphasis,0.003590995292653835,119
wavelet-LLL,glrlm,wavelet-LLL_glrlm_GrayLevelNonUniformity,2.8080950361468826,589
wavelet-LLL,glrlm,wavelet-LLL_glrlm_GrayLevelNonUniformityNormalized,0.007792684803699385,172
wavelet-LLL,glrlm,wavelet-LLL_glrlm_GrayLevelVariance,14.42990422240487,670
wavelet-LLL,glrlm,wavelet-LLL_glrlm_HighGrayLevelRunEmphasis,133.1087512422848,750
wavelet-LLL,glrlm,wavelet-LLL_glrlm_LongRunEmphasis,0.09021095310011262,392
wavelet-LLL,glrlm,wavelet-LLL_glrlm_LongRunHighGrayLevelEmphasis,140.68194921005585,753
wavelet-LLL,glrlm,wavelet-LLL_glrlm_LongRunLowGrayLevelEmphasis,0.014946078659598908,230
wavelet-LLL,glrlm,wavelet-LLL_glrlm_LowGrayLevelRunEmphasis,0.008492686539004042,179
wavelet-LLL,glrlm,wavelet-LLL_glrlm_RunEntropy,0.12478364771090066,402
wavelet-LLL,glrlm,wavelet-LLL_glrlm_RunLengthNonUniformity,19.2326633765032,684
wavelet-LLL,glrlm,wavelet-LLL_glrlm_RunLengthNonUniformityNormalized,0.028603383868336506,283
wavelet-LLL,glrlm,wavelet-LLL_glrlm_RunPercentage,0.01930235602842502,250
wavelet-LLL,glrlm,wavelet-LLL_glrlm_RunVariance,0.03903070339474909,310
wavelet-LLL,glrlm,wavelet-LLL_glrlm_ShortRunEmphasis,0.013021109340245765,220
wavelet-LLL,glrlm,wavelet-LLL_glrlm_ShortRunHighGrayLevelEmphasis,131.1039728747331,749
wavelet-LLL,glrlm,wavelet-LLL_glrlm_ShortRunLowGrayLevelEmphasis,0.00743394739381894,169
wavelet-LLL,glszm,wavelet-LLL_glszm_GrayLevelNonUniformity,0.6528952271780026,495
wavelet-LLL,glszm,wavelet-LLL_glszm_GrayLevelNonUniformityNormalized,0.003297739370879284,114
wavelet-LLL,glszm,wavelet-LLL_glszm_GrayLevelVariance,13.630858786099912,668
wavelet-LLL,glszm,wavelet-LLL_glszm_HighGrayLevelZoneEmphasis,127.03984866778384,746
wavelet-LLL,glszm,wavelet-LLL_glszm_LargeAreaEmphasis,1.0705106855837034,522
wavelet-LLL,glszm,wavelet-LLL_glszm_LargeAreaHighGrayLevelEmphasis,154.95108833391592,759
wavelet-LLL,glszm,wavelet-LLL_glszm_LargeAreaLowGrayLevelEmphasis,0.07027363252189267,372
wavelet-LLL,glszm,wavelet-LLL_glszm_LowGrayLevelZoneEmphasis,0.007036399321289423,166
wavelet-LLL,glszm,wavelet-LLL_glszm_SizeZoneNonUniformity,26.481685808015516,695
wavelet-LLL,glszm,wavelet-LLL_glszm_SizeZoneNonUniformityNormalized,0.03425099224966495,298
wavelet-LLL,glszm,wavelet-LLL_glszm_SmallAreaEmphasis,0.019515683403730097,252
wavelet-LLL,glszm,wavelet-LLL_glszm_SmallAreaHighGrayLevelEmphasis,119.54550165094075,739
wavelet-LLL,glszm,wavelet-LLL_glszm_SmallAreaLowGrayLevelEmphasis,0.004679718906801135,135
wavelet-LLL,glszm,wavelet-LLL_glszm_ZoneEntropy,0.061190160566159266,358
wavelet-LLL,glszm,wavelet-LLL_glszm_ZonePercentage,0.05064369064967144,337
wavelet-LLL,glszm,wavelet-LLL_glszm_ZoneVariance,0.8036167841419077,507
wavelet-LLL,ngtdm,wavelet-LLL_ngtdm_Busyness,0.05906398141245313,354
wavelet-LLL,ngtdm,wavelet-LLL_ngtdm_Coarseness,0.001398028905849569,85
wavelet-LLL,ngtdm,wavelet-LLL_ngtdm_Complexity,1456.061214662321,783
wavelet-LLL,ngtdm,wavelet-LLL_ngtdm_Contrast,0.028804993113552228,284
wavelet-LLL,ngtdm,wavelet-LLL_ngtdm_Strength,2.191405115022084,575
