feature	val_acc	test_acc	rank
lbp-2D_firstorder_Energy	0.2780487804878049	0.3	2
lbp-2D_firstorder_Kurtosis	0.2926829268292683	0.4	224
lbp-2D_firstorder_Mean	0.3121951219512195	0.15	271
lbp-2D_firstorder_MeanAbsoluteDeviation	0.2097560975609756	0.15	391
lbp-2D_firstorder_RobustMeanAbsoluteDeviation	0.1902439024390244	0.15	430
lbp-2D_firstorder_RootMeanSquared	0.3146341463414634	0.15	273
lbp-2D_firstorder_Skewness	0.28292682926829266	0.1	263
lbp-2D_firstorder_TotalEnergy	0.2780487804878049	0.3	2
lbp-2D_firstorder_Variance	0.3207317073170732	0.1	373
lbp-2D_gldm_DependenceEntropy	0.4	0.4	1
lbp-2D_gldm_DependenceNonUniformity	0.3	0.3	1
lbp-2D_gldm_DependenceNonUniformityNormalized	0.4	0.35	1
lbp-2D_gldm_DependenceVariance	0.45	0.25	1
lbp-2D_gldm_GrayLevelNonUniformity	0.35	0.35	1
lbp-2D_gldm_LargeDependenceEmphasis	0.35	0.5	1
lbp-2D_gldm_LargeDependenceHighGrayLevelEmphasis	0.35	0.5	1
lbp-2D_gldm_LargeDependenceLowGrayLevelEmphasis	0.35	0.5	1
lbp-2D_gldm_SmallDependenceEmphasis	0.3	0.4	1
lbp-2D_gldm_SmallDependenceHighGrayLevelEmphasis	0.3	0.4	1
lbp-2D_gldm_SmallDependenceLowGrayLevelEmphasis	0.3	0.4	1
lbp-2D_glrlm_GrayLevelNonUniformity	0.15	0.2	1
lbp-2D_glrlm_LongRunEmphasis	0.25	0.55	1
lbp-2D_glrlm_LongRunHighGrayLevelEmphasis	0.25	0.55	1
lbp-2D_glrlm_LongRunLowGrayLevelEmphasis	0.25	0.55	1
lbp-2D_glrlm_RunEntropy	0.15	0.25	1
lbp-2D_glrlm_RunLengthNonUniformity	0.25	0.25	1
lbp-2D_glrlm_RunLengthNonUniformityNormalized	0.2	0.35	1
lbp-2D_glrlm_RunPercentage	0.25	0.45	1
lbp-2D_glrlm_RunVariance	0.25	0.3	1
lbp-2D_glrlm_ShortRunEmphasis	0.5	0.45	1
lbp-2D_glrlm_ShortRunHighGrayLevelEmphasis	0.5	0.45	1
lbp-2D_glrlm_ShortRunLowGrayLevelEmphasis	0.5	0.45	1
lbp-2D_glszm_LargeAreaEmphasis	0.2	0.3	1
lbp-2D_glszm_LargeAreaHighGrayLevelEmphasis	0.2	0.3	1
lbp-2D_glszm_LargeAreaLowGrayLevelEmphasis	0.2	0.3	1
lbp-2D_glszm_SmallAreaEmphasis	0.4	0.4	1
lbp-2D_glszm_SmallAreaHighGrayLevelEmphasis	0.4	0.4	1
lbp-2D_glszm_SmallAreaLowGrayLevelEmphasis	0.4	0.4	1
lbp-2D_glszm_ZonePercentage	0.4	0.4	1
original_firstorder_10Percentile	0.2707317073170732	0.25	279
original_firstorder_90Percentile	0.24146341463414633	0.3	137
original_firstorder_Energy	0.24146341463414633	0.3	8
original_firstorder_Entropy	0.2658536585365854	0.3	466
original_firstorder_InterquartileRange	0.32439024390243903	0.15	485
original_firstorder_Kurtosis	0.25	0.25	157
original_firstorder_Maximum	0.1878048780487805	0.35	160
original_firstorder_Mean	0.33414634146341465	0.3	21
original_firstorder_MeanAbsoluteDeviation	0.23658536585365852	0.25	361
original_firstorder_Median	0.09268292682926829	0.3	50
original_firstorder_Minimum	0.1902439024390244	0.35	682
original_firstorder_Range	0.22195121951219512	0.35	253
original_firstorder_RobustMeanAbsoluteDeviation	0.28292682926829266	0.25	471
original_firstorder_RootMeanSquared	0.19390243902439025	0.05	20
original_firstorder_Skewness	0.22195121951219512	0.35	197
original_firstorder_TotalEnergy	0.24146341463414633	0.3	7
original_firstorder_Uniformity	0.21707317073170732	0.3	355
original_firstorder_Variance	0.4121951219512195	0.2	268
original_glcm_Autocorrelation	0.19390243902439025	0.15	690
original_glcm_ClusterProminence	0.3878048780487805	0.2	119
original_glcm_ClusterShade	0.2804878048780488	0.2	111
original_glcm_ClusterTendency	0.3121951219512195	0.2	185
original_glcm_Contrast	0.30609756097560975	0.2	640
original_glcm_Correlation	0.25121951219512195	0.15	260
original_glcm_DifferenceAverage	0.2634146341463415	0.25	716
original_glcm_DifferenceEntropy	0.2597560975609756	0.4	630
original_glcm_DifferenceVariance	0.2804878048780488	0.4	258
original_glcm_Id	0.3170731707317073	0.35	684
original_glcm_Idm	0.29878048780487804	0.2	680
original_glcm_Idmn	0.2731707317073171	0.35	618
original_glcm_Idn	0.30365853658536585	0.35	653
original_glcm_Imc1	0.3402439024390244	0.25	219
original_glcm_Imc2	0.3073170731707317	0.2	212
original_glcm_InverseVariance	0.27195121951219514	0.35	699
original_glcm_JointAverage	0.14390243902439023	0.15	672
original_glcm_JointEnergy	0.325609756097561	0.2	391
original_glcm_JointEntropy	0.33170731707317075	0.2	599
original_glcm_MaximumProbability	0.26463414634146343	0.1	453
original_glcm_SumEntropy	0.24878048780487805	0.25	332
original_glcm_SumSquares	0.3231707317073171	0.2	343
original_gldm_DependenceEntropy	0.22439024390243903	0.25	374
original_gldm_DependenceNonUniformity	0.2707317073170732	0.2	778
original_gldm_DependenceNonUniformityNormalized	0.26707317073170733	0.2	734
original_gldm_DependenceVariance	0.3439024390243902	0.25	446
original_gldm_GrayLevelNonUniformity	0.32682926829268294	0.25	239
original_gldm_GrayLevelVariance	0.41097560975609754	0.2	269
original_gldm_HighGrayLevelEmphasis	0.17317073170731706	0.15	705
original_gldm_LargeDependenceEmphasis	0.3097560975609756	0.25	446
original_gldm_LargeDependenceHighGrayLevelEmphasis	0.2475609756097561	0.2	480
original_gldm_LargeDependenceLowGrayLevelEmphasis	0.25	0.2	263
original_gldm_LowGrayLevelEmphasis	0.21341463414634146	0.2	461
original_gldm_SmallDependenceEmphasis	0.2951219512195122	0.2	650
original_gldm_SmallDependenceHighGrayLevelEmphasis	0.2548780487804878	0.35	754
original_gldm_SmallDependenceLowGrayLevelEmphasis	0.25365853658536586	0.3	539
original_glrlm_GrayLevelNonUniformity	0.374390243902439	0.15	237
original_glrlm_GrayLevelNonUniformityNormalized	0.2280487804878049	0.25	365
original_glrlm_GrayLevelVariance	0.37317073170731707	0.3	283
original_glrlm_HighGrayLevelRunEmphasis	0.15	0.15	703
original_glrlm_LongRunEmphasis	0.2975609756097561	0.45	435
original_glrlm_LongRunHighGrayLevelEmphasis	0.16463414634146342	0.15	638
original_glrlm_LongRunLowGrayLevelEmphasis	0.25121951219512195	0.25	407
original_glrlm_LowGrayLevelRunEmphasis	0.20121951219512196	0.25	452
original_glrlm_RunEntropy	0.1524390243902439	0.25	371
original_glrlm_RunLengthNonUniformity	0.3646341463414634	0.25	609
original_glrlm_RunLengthNonUniformityNormalized	0.3170731707317073	0.2	565
original_glrlm_RunPercentage	0.2975609756097561	0.25	533
original_glrlm_RunVariance	0.3548780487804878	0.35	380
original_glrlm_ShortRunEmphasis	0.32439024390243903	0.3	524
original_glrlm_ShortRunHighGrayLevelEmphasis	0.17804878048780487	0.15	712
original_glrlm_ShortRunLowGrayLevelEmphasis	0.1878048780487805	0.25	467
original_glszm_GrayLevelNonUniformity	0.36097560975609755	0.1	342
original_glszm_GrayLevelNonUniformityNormalized	0.25121951219512195	0.15	410
original_glszm_GrayLevelVariance	0.28780487804878047	0.3	216
original_glszm_HighGrayLevelZoneEmphasis	0.14390243902439023	0.25	682
original_glszm_LargeAreaEmphasis	0.2841463414634146	0.3	236
original_glszm_LargeAreaHighGrayLevelEmphasis	0.3195121951219512	0.15	308
original_glszm_LargeAreaLowGrayLevelEmphasis	0.2548780487804878	0.2	226
original_glszm_LowGrayLevelZoneEmphasis	0.22073170731707317	0.3	473
original_glszm_SizeZoneNonUniformity	0.29878048780487804	0.2	761
original_glszm_SizeZoneNonUniformityNormalized	0.27195121951219514	0.25	647
original_glszm_SmallAreaEmphasis	0.27195121951219514	0.3	601
original_glszm_SmallAreaHighGrayLevelEmphasis	0.2329268292682927	0.3	707
original_glszm_SmallAreaLowGrayLevelEmphasis	0.18414634146341463	0.2	491
original_glszm_ZoneEntropy	0.20121951219512196	0.15	423
original_glszm_ZonePercentage	0.34512195121951217	0.15	599
original_glszm_ZoneVariance	0.2280487804878049	0.2	173
original_ngtdm_Busyness	0.24878048780487805	0.15	387
original_ngtdm_Coarseness	0.2634146341463415	0.2	384
original_ngtdm_Complexity	0.34146341463414637	0.2	670
original_ngtdm_Contrast	0.3121951219512195	0.2	558
original_ngtdm_Strength	0.3048780487804878	0.15	166
wavelet-HHH_firstorder_10Percentile	0.3073170731707317	0.2	724
wavelet-HHH_firstorder_90Percentile	0.22073170731707317	0.4	761
wavelet-HHH_firstorder_Energy	0.35	0.35	1
wavelet-HHH_firstorder_Entropy	0.25853658536585367	0.2	412
wavelet-HHH_firstorder_InterquartileRange	0.24146341463414633	0.3	766
wavelet-HHH_firstorder_Kurtosis	0.20853658536585365	0.1	355
wavelet-HHH_firstorder_Maximum	0.21341463414634146	0.35	618
wavelet-HHH_firstorder_Mean	0.18536585365853658	0.2	600
wavelet-HHH_firstorder_MeanAbsoluteDeviation	0.2451219512195122	0.2	749
wavelet-HHH_firstorder_Median	0.22439024390243903	0.3	714
wavelet-HHH_firstorder_Minimum	0.14634146341463414	0.2	640
wavelet-HHH_firstorder_Range	0.17804878048780487	0.25	630
wavelet-HHH_firstorder_RobustMeanAbsoluteDeviation	0.2817073170731707	0.25	766
wavelet-HHH_firstorder_Skewness	0.15609756097560976	0.15	392
wavelet-HHH_firstorder_TotalEnergy	0.35	0.35	1
wavelet-HHH_firstorder_Uniformity	0.25853658536585367	0.2	415
wavelet-HHH_firstorder_Variance	0.21097560975609755	0.35	744
wavelet-HHH_glcm_Autocorrelation	0.23414634146341465	0.15	529
wavelet-HHH_glcm_ClusterProminence	0.2804878048780488	0.25	559
wavelet-HHH_glcm_ClusterShade	0.2524390243902439	0.15	503
wavelet-HHH_glcm_ClusterTendency	0.2426829268292683	0.3	556
wavelet-HHH_glcm_Contrast	0.21585365853658536	0.2	552
wavelet-HHH_glcm_Correlation	0.18292682926829268	0.15	554
wavelet-HHH_glcm_DifferenceAverage	0.21585365853658536	0.2	552
wavelet-HHH_glcm_DifferenceEntropy	0.3024390243902439	0.15	743
wavelet-HHH_glcm_DifferenceVariance	0.29878048780487804	0.15	741
wavelet-HHH_glcm_Id	0.21585365853658536	0.2	554
wavelet-HHH_glcm_Idm	0.21585365853658536	0.2	554
wavelet-HHH_glcm_Idmn	0.21585365853658536	0.2	551
wavelet-HHH_glcm_Idn	0.21585365853658536	0.2	553
wavelet-HHH_glcm_Imc1	0.3097560975609756	0.2	743
wavelet-HHH_glcm_Imc2	0.2731707317073171	0.15	682
wavelet-HHH_glcm_InverseVariance	0.21585365853658536	0.2	552
wavelet-HHH_glcm_JointAverage	0.21707317073170732	0.2	532
wavelet-HHH_glcm_JointEnergy	0.348780487804878	0.15	711
wavelet-HHH_glcm_JointEntropy	0.3097560975609756	0.1	712
wavelet-HHH_glcm_MaximumProbability	0.2914634146341463	0.2	628
wavelet-HHH_glcm_SumEntropy	0.30365853658536585	0.15	662
wavelet-HHH_glcm_SumSquares	0.26707317073170733	0.4	421
wavelet-HHH_gldm_DependenceEntropy	0.27439024390243905	0.3	546
wavelet-HHH_gldm_DependenceNonUniformity	0.27682926829268295	0.25	528
wavelet-HHH_gldm_DependenceNonUniformityNormalized	0.3329268292682927	0.15	566
wavelet-HHH_gldm_DependenceVariance	0.22317073170731708	0.1	498
wavelet-HHH_gldm_GrayLevelNonUniformity	0.2658536585365854	0.3	4
wavelet-HHH_gldm_GrayLevelVariance	0.25853658536585367	0.2	414
wavelet-HHH_gldm_HighGrayLevelEmphasis	0.22439024390243903	0.1	529
wavelet-HHH_gldm_LargeDependenceEmphasis	0.348780487804878	0.35	259
wavelet-HHH_gldm_LargeDependenceHighGrayLevelEmphasis	0.2682926829268293	0.2	353
wavelet-HHH_gldm_LargeDependenceLowGrayLevelEmphasis	0.32439024390243903	0.2	509
wavelet-HHH_gldm_LowGrayLevelEmphasis	0.22439024390243903	0.1	528
wavelet-HHH_gldm_SmallDependenceEmphasis	0.2914634146341463	0.4	327
wavelet-HHH_gldm_SmallDependenceHighGrayLevelEmphasis	0.25853658536585367	0.3	364
wavelet-HHH_gldm_SmallDependenceLowGrayLevelEmphasis	0.31585365853658537	0.3	378
wavelet-HHH_glrlm_GrayLevelNonUniformity	0.11707317073170732	0.4	65
wavelet-HHH_glrlm_GrayLevelNonUniformityNormalized	0.28536585365853656	0.2	427
wavelet-HHH_glrlm_GrayLevelVariance	0.28536585365853656	0.2	428
wavelet-HHH_glrlm_HighGrayLevelRunEmphasis	0.23780487804878048	0.15	504
wavelet-HHH_glrlm_LongRunEmphasis	0.3195121951219512	0.35	297
wavelet-HHH_glrlm_LongRunHighGrayLevelEmphasis	0.3195121951219512	0.35	328
wavelet-HHH_glrlm_LongRunLowGrayLevelEmphasis	0.2707317073170732	0.25	474
wavelet-HHH_glrlm_LowGrayLevelRunEmphasis	0.23780487804878048	0.15	503
wavelet-HHH_glrlm_RunEntropy	0.3024390243902439	0.4	213
wavelet-HHH_glrlm_RunLengthNonUniformity	0.33414634146341465	0.35	475
wavelet-HHH_glrlm_RunLengthNonUniformityNormalized	0.2890243902439024	0.5	249
wavelet-HHH_glrlm_RunPercentage	0.23170731707317074	0.3	232
wavelet-HHH_glrlm_RunVariance	0.29634146341463413	0.45	432
wavelet-HHH_glrlm_ShortRunEmphasis	0.3	0.5	257
wavelet-HHH_glrlm_ShortRunHighGrayLevelEmphasis	0.23658536585365852	0.3	350
wavelet-HHH_glrlm_ShortRunLowGrayLevelEmphasis	0.2975609756097561	0.3	376
wavelet-HHH_glszm_GrayLevelNonUniformity	0.2804878048780488	0.25	443
wavelet-HHH_glszm_GrayLevelNonUniformityNormalized	0.19878048780487806	0.3	535
wavelet-HHH_glszm_GrayLevelVariance	0.19878048780487806	0.3	534
wavelet-HHH_glszm_HighGrayLevelZoneEmphasis	0.18658536585365854	0.25	593
wavelet-HHH_glszm_LargeAreaEmphasis	0.24146341463414633	0.2	443
wavelet-HHH_glszm_LargeAreaHighGrayLevelEmphasis	0.2524390243902439	0.45	408
wavelet-HHH_glszm_LargeAreaLowGrayLevelEmphasis	0.23658536585365852	0	487
wavelet-HHH_glszm_LowGrayLevelZoneEmphasis	0.18658536585365854	0.25	593
wavelet-HHH_glszm_SizeZoneNonUniformity	0.26463414634146343	0.3	434
wavelet-HHH_glszm_SizeZoneNonUniformityNormalized	0.2634146341463415	0.25	540
wavelet-HHH_glszm_SmallAreaEmphasis	0.2804878048780488	0.15	600
wavelet-HHH_glszm_SmallAreaHighGrayLevelEmphasis	0.21707317073170732	0.2	597
wavelet-HHH_glszm_SmallAreaLowGrayLevelEmphasis	0.23170731707317074	0.35	575
wavelet-HHH_glszm_ZoneEntropy	0.26097560975609757	0.35	527
wavelet-HHH_glszm_ZonePercentage	0.2926829268292683	0.3	306
wavelet-HHH_glszm_ZoneVariance	0.2914634146341463	0.25	391
wavelet-HHH_ngtdm_Busyness	0.28292682926829266	0.1	549
wavelet-HHH_ngtdm_Coarseness	0.25	0.35	100
wavelet-HHH_ngtdm_Complexity	0.2597560975609756	0.15	565
wavelet-HHH_ngtdm_Contrast	0.2682926829268293	0.2	552
wavelet-HHH_ngtdm_Strength	0.20243902439024392	0.35	99
wavelet-HHL_firstorder_10Percentile	0.1902439024390244	0.2	709
wavelet-HHL_firstorder_90Percentile	0.24878048780487805	0.3	761
wavelet-HHL_firstorder_Energy	0.2073170731707317	0.45	7
wavelet-HHL_firstorder_Entropy	0.21951219512195122	0.4	669
wavelet-HHL_firstorder_InterquartileRange	0.26097560975609757	0.3	771
wavelet-HHL_firstorder_Kurtosis	0.23902439024390243	0.15	328
wavelet-HHL_firstorder_Maximum	0.10365853658536585	0.4	475
wavelet-HHL_firstorder_Mean	0.19390243902439025	0.05	233
wavelet-HHL_firstorder_MeanAbsoluteDeviation	0.22439024390243903	0.2	750
wavelet-HHL_firstorder_Median	0.23780487804878048	0.15	713
wavelet-HHL_firstorder_Minimum	0.2048780487804878	0.3	557
wavelet-HHL_firstorder_Range	0.18536585365853658	0.1	519
wavelet-HHL_firstorder_RobustMeanAbsoluteDeviation	0.35	0.35	768
wavelet-HHL_firstorder_RootMeanSquared	0.16219512195121952	0.1	482
wavelet-HHL_firstorder_Skewness	0.16707317073170733	0.3	208
wavelet-HHL_firstorder_TotalEnergy	0.2073170731707317	0.45	7
wavelet-HHL_firstorder_Uniformity	0.2841463414634146	0.4	553
wavelet-HHL_firstorder_Variance	0.2121951219512195	0.4	760
wavelet-HHL_glcm_Autocorrelation	0.28536585365853656	0.3	615
wavelet-HHL_glcm_ClusterProminence	0.17804878048780487	0.25	710
wavelet-HHL_glcm_ClusterShade	0.17317073170731706	0.3	423
wavelet-HHL_glcm_ClusterTendency	0.19634146341463415	0.25	743
wavelet-HHL_glcm_Contrast	0.17926829268292682	0.15	778
wavelet-HHL_glcm_Correlation	0.22195121951219512	0.15	425
wavelet-HHL_glcm_DifferenceAverage	0.21341463414634146	0.25	760
wavelet-HHL_glcm_DifferenceEntropy	0.22073170731707317	0.3	692
wavelet-HHL_glcm_DifferenceVariance	0.23902439024390243	0.2	706
wavelet-HHL_glcm_Id	0.30121951219512194	0.25	657
wavelet-HHL_glcm_Idm	0.30609756097560975	0.25	609
wavelet-HHL_glcm_Idmn	0.21951219512195122	0.2	669
wavelet-HHL_glcm_Idn	0.24024390243902438	0.2	629
wavelet-HHL_glcm_Imc1	0.25365853658536586	0.35	477
wavelet-HHL_glcm_Imc2	0.20609756097560974	0.3	314
wavelet-HHL_glcm_InverseVariance	0.2451219512195122	0.25	652
wavelet-HHL_glcm_JointAverage	0.23780487804878048	0.4	551
wavelet-HHL_glcm_JointEnergy	0.4573170731707317	0.15	444
wavelet-HHL_glcm_JointEntropy	0.36341463414634145	0.25	661
wavelet-HHL_glcm_MaximumProbability	0.33170731707317075	0.2	472
wavelet-HHL_glcm_SumEntropy	0.26097560975609757	0.4	662
wavelet-HHL_glcm_SumSquares	0.19634146341463415	0.15	765
wavelet-HHL_gldm_DependenceEntropy	0.22073170731707317	0.25	677
wavelet-HHL_gldm_DependenceNonUniformity	0.3353658536585366	0.2	758
wavelet-HHL_gldm_DependenceNonUniformityNormalized	0.3048780487804878	0.35	680
wavelet-HHL_gldm_DependenceVariance	0.31585365853658537	0.2	385
wavelet-HHL_gldm_GrayLevelNonUniformity	0.3	0.4	278
wavelet-HHL_gldm_GrayLevelVariance	0.23536585365853657	0.25	759
wavelet-HHL_gldm_HighGrayLevelEmphasis	0.23170731707317074	0.3	634
wavelet-HHL_gldm_LargeDependenceEmphasis	0.3073170731707317	0.2	384
wavelet-HHL_gldm_LargeDependenceHighGrayLevelEmphasis	0.2329268292682927	0.2	364
wavelet-HHL_gldm_LargeDependenceLowGrayLevelEmphasis	0.20609756097560974	0.2	300
wavelet-HHL_gldm_LowGrayLevelEmphasis	0.18902439024390244	0.3	454
wavelet-HHL_gldm_SmallDependenceEmphasis	0.32926829268292684	0.25	589
wavelet-HHL_gldm_SmallDependenceHighGrayLevelEmphasis	0.22073170731707317	0.25	711
wavelet-HHL_gldm_SmallDependenceLowGrayLevelEmphasis	0.2280487804878049	0.35	506
wavelet-HHL_glrlm_GrayLevelNonUniformity	0.27195121951219514	0.35	321
wavelet-HHL_glrlm_GrayLevelNonUniformityNormalized	0.23780487804878048	0.35	579
wavelet-HHL_glrlm_GrayLevelVariance	0.2	0.3	756
wavelet-HHL_glrlm_HighGrayLevelRunEmphasis	0.25121951219512195	0.2	631
wavelet-HHL_glrlm_LongRunEmphasis	0.3097560975609756	0.2	415
wavelet-HHL_glrlm_LongRunHighGrayLevelEmphasis	0.2707317073170732	0.3	565
wavelet-HHL_glrlm_LongRunLowGrayLevelEmphasis	0.17317073170731706	0.3	420
wavelet-HHL_glrlm_LowGrayLevelRunEmphasis	0.22926829268292684	0.25	461
wavelet-HHL_glrlm_RunEntropy	0.2475609756097561	0.25	710
wavelet-HHL_glrlm_RunLengthNonUniformity	0.3121951219512195	0.45	432
wavelet-HHL_glrlm_RunLengthNonUniformityNormalized	0.33170731707317075	0.25	509
wavelet-HHL_glrlm_RunPercentage	0.2914634146341463	0.3	485
wavelet-HHL_glrlm_RunVariance	0.2804878048780488	0.25	404
wavelet-HHL_glrlm_ShortRunEmphasis	0.31585365853658537	0.25	467
wavelet-HHL_glrlm_ShortRunHighGrayLevelEmphasis	0.18170731707317073	0.2	653
wavelet-HHL_glrlm_ShortRunLowGrayLevelEmphasis	0.22439024390243903	0.25	464
wavelet-HHL_glszm_GrayLevelNonUniformity	0.25853658536585367	0.15	444
wavelet-HHL_glszm_GrayLevelNonUniformityNormalized	0.22073170731707317	0.3	641
wavelet-HHL_glszm_GrayLevelVariance	0.21707317073170732	0.2	731
wavelet-HHL_glszm_HighGrayLevelZoneEmphasis	0.23658536585365852	0.15	632
wavelet-HHL_glszm_LargeAreaEmphasis	0.3573170731707317	0.2	259
wavelet-HHL_glszm_LargeAreaHighGrayLevelEmphasis	0.2780487804878049	0.05	309
wavelet-HHL_glszm_LargeAreaLowGrayLevelEmphasis	0.20365853658536584	0.2	276
wavelet-HHL_glszm_LowGrayLevelZoneEmphasis	0.20365853658536584	0.3	446
wavelet-HHL_glszm_SizeZoneNonUniformity	0.3170731707317073	0.3	739
wavelet-HHL_glszm_SizeZoneNonUniformityNormalized	0.2804878048780488	0.25	629
wavelet-HHL_glszm_SmallAreaEmphasis	0.2804878048780488	0.25	583
wavelet-HHL_glszm_SmallAreaHighGrayLevelEmphasis	0.25	0.15	679
wavelet-HHL_glszm_SmallAreaLowGrayLevelEmphasis	0.18170731707317073	0.25	453
wavelet-HHL_glszm_ZoneEntropy	0.19390243902439025	0.15	661
wavelet-HHL_glszm_ZonePercentage	0.3207317073170732	0.25	536
wavelet-HHL_glszm_ZoneVariance	0.35609756097560974	0.3	185
wavelet-HHL_ngtdm_Busyness	0.1878048780487805	0.4	461
wavelet-HHL_ngtdm_Coarseness	0.28292682926829266	0.2	553
wavelet-HHL_ngtdm_Complexity	0.24634146341463414	0.35	775
wavelet-HHL_ngtdm_Contrast	0.2597560975609756	0.1	760
wavelet-HHL_ngtdm_Strength	0.23536585365853657	0.2	431
wavelet-HLH_firstorder_10Percentile	0.2634146341463415	0.2	751
wavelet-HLH_firstorder_90Percentile	0.25121951219512195	0.35	324
wavelet-HLH_firstorder_Energy	0.35	0.35	1
wavelet-HLH_firstorder_Entropy	0.25609756097560976	0.2	293
wavelet-HLH_firstorder_InterquartileRange	0.33170731707317075	0.2	608
wavelet-HLH_firstorder_Kurtosis	0.2329268292682927	0.2	414
wavelet-HLH_firstorder_Maximum	0.22439024390243903	0.05	566
wavelet-HLH_firstorder_Mean	0.3621951219512195	0.35	165
wavelet-HLH_firstorder_MeanAbsoluteDeviation	0.2597560975609756	0.3	405
wavelet-HLH_firstorder_Median	0.2914634146341463	0.2	334
wavelet-HLH_firstorder_Minimum	0.2475609756097561	0.3	491
wavelet-HLH_firstorder_Range	0.17317073170731706	0.3	499
wavelet-HLH_firstorder_RobustMeanAbsoluteDeviation	0.37682926829268293	0.25	506
wavelet-HLH_firstorder_Skewness	0.22439024390243903	0.2	450
wavelet-HLH_firstorder_TotalEnergy	0.35	0.35	1
wavelet-HLH_firstorder_Uniformity	0.28292682926829266	0.25	291
wavelet-HLH_firstorder_Variance	0.3121951219512195	0.3	444
wavelet-HLH_glcm_Autocorrelation	0.24634146341463414	0.3	365
wavelet-HLH_glcm_ClusterProminence	0.2890243902439024	0.2	549
wavelet-HLH_glcm_ClusterShade	0.2951219512195122	0.15	416
wavelet-HLH_glcm_ClusterTendency	0.28536585365853656	0.3	465
wavelet-HLH_glcm_Contrast	0.33902439024390246	0.1	509
wavelet-HLH_glcm_Correlation	0.3280487804878049	0.1	580
wavelet-HLH_glcm_DifferenceAverage	0.33902439024390246	0.1	509
wavelet-HLH_glcm_DifferenceEntropy	0.3463414634146341	0.3	480
wavelet-HLH_glcm_DifferenceVariance	0.28292682926829266	0.4	475
wavelet-HLH_glcm_Id	0.33902439024390246	0.1	510
wavelet-HLH_glcm_Idm	0.33902439024390246	0.1	510
wavelet-HLH_glcm_Idmn	0.33902439024390246	0.1	508
wavelet-HLH_glcm_Idn	0.33902439024390246	0.1	507
wavelet-HLH_glcm_Imc1	0.3097560975609756	0.25	663
wavelet-HLH_glcm_Imc2	0.3378048780487805	0.25	687
wavelet-HLH_glcm_InverseVariance	0.33902439024390246	0.1	509
wavelet-HLH_glcm_JointAverage	0.24390243902439024	0.3	358
wavelet-HLH_glcm_JointEnergy	0.23170731707317074	0.4	290
wavelet-HLH_glcm_JointEntropy	0.2634146341463415	0.4	306
wavelet-HLH_glcm_MaximumProbability	0.35121951219512193	0.35	317
wavelet-HLH_glcm_SumEntropy	0.2926829268292683	0.5	432
wavelet-HLH_glcm_SumSquares	0.2731707317073171	0.25	287
wavelet-HLH_gldm_DependenceEntropy	0.30609756097560975	0.25	442
wavelet-HLH_gldm_DependenceNonUniformity	0.18414634146341463	0.35	362
wavelet-HLH_gldm_DependenceNonUniformityNormalized	0.2731707317073171	0.1	564
wavelet-HLH_gldm_DependenceVariance	0.348780487804878	0.25	489
wavelet-HLH_gldm_GrayLevelNonUniformity	0.2841463414634146	0.2	111
wavelet-HLH_gldm_GrayLevelVariance	0.28292682926829266	0.25	292
wavelet-HLH_gldm_HighGrayLevelEmphasis	0.2975609756097561	0.1	381
wavelet-HLH_gldm_LargeDependenceEmphasis	0.33902439024390246	0.1	528
wavelet-HLH_gldm_LargeDependenceHighGrayLevelEmphasis	0.32926829268292684	0.2	503
wavelet-HLH_gldm_LargeDependenceLowGrayLevelEmphasis	0.2817073170731707	0.3	332
wavelet-HLH_gldm_LowGrayLevelEmphasis	0.2975609756097561	0.1	381
wavelet-HLH_gldm_SmallDependenceEmphasis	0.3170731707317073	0.2	482
wavelet-HLH_gldm_SmallDependenceHighGrayLevelEmphasis	0.29024390243902437	0.2	550
wavelet-HLH_gldm_SmallDependenceLowGrayLevelEmphasis	0.2817073170731707	0.25	445
wavelet-HLH_glrlm_GrayLevelNonUniformity	0.2731707317073171	0.35	206
wavelet-HLH_glrlm_GrayLevelNonUniformityNormalized	0.27682926829268295	0.15	229
wavelet-HLH_glrlm_GrayLevelVariance	0.27682926829268295	0.15	230
wavelet-HLH_glrlm_HighGrayLevelRunEmphasis	0.30121951219512194	0.15	318
wavelet-HLH_glrlm_LongRunEmphasis	0.3231707317073171	0.1	471
wavelet-HLH_glrlm_LongRunHighGrayLevelEmphasis	0.3329268292682927	0.3	479
wavelet-HLH_glrlm_LongRunLowGrayLevelEmphasis	0.2682926829268293	0.4	311
wavelet-HLH_glrlm_LowGrayLevelRunEmphasis	0.30121951219512194	0.15	317
wavelet-HLH_glrlm_RunEntropy	0.31585365853658537	0.25	427
wavelet-HLH_glrlm_RunLengthNonUniformity	0.37317073170731707	0.3	528
wavelet-HLH_glrlm_RunLengthNonUniformityNormalized	0.3231707317073171	0.05	564
wavelet-HLH_glrlm_RunPercentage	0.29634146341463413	0.15	553
wavelet-HLH_glrlm_RunVariance	0.2780487804878049	0.2	488
wavelet-HLH_glrlm_ShortRunEmphasis	0.26097560975609757	0.1	496
wavelet-HLH_glrlm_ShortRunHighGrayLevelEmphasis	0.3621951219512195	0.15	453
wavelet-HLH_glrlm_ShortRunLowGrayLevelEmphasis	0.27926829268292686	0.1	460
wavelet-HLH_glszm_GrayLevelNonUniformity	0.27439024390243905	0.35	493
wavelet-HLH_glszm_GrayLevelNonUniformityNormalized	0.275609756097561	0.15	480
wavelet-HLH_glszm_GrayLevelVariance	0.275609756097561	0.15	480
wavelet-HLH_glszm_HighGrayLevelZoneEmphasis	0.3195121951219512	0.3	547
wavelet-HLH_glszm_LargeAreaEmphasis	0.30365853658536585	0.2	288
wavelet-HLH_glszm_LargeAreaHighGrayLevelEmphasis	0.2939024390243902	0.35	292
wavelet-HLH_glszm_LargeAreaLowGrayLevelEmphasis	0.3573170731707317	0.25	274
wavelet-HLH_glszm_LowGrayLevelZoneEmphasis	0.3195121951219512	0.3	546
wavelet-HLH_glszm_SizeZoneNonUniformity	0.3	0.2	486
wavelet-HLH_glszm_SizeZoneNonUniformityNormalized	0.28292682926829266	0.2	464
wavelet-HLH_glszm_SmallAreaEmphasis	0.26097560975609757	0.2	537
wavelet-HLH_glszm_SmallAreaHighGrayLevelEmphasis	0.26707317073170733	0.3	539
wavelet-HLH_glszm_SmallAreaLowGrayLevelEmphasis	0.2073170731707317	0.25	514
wavelet-HLH_glszm_ZoneEntropy	0.24390243902439024	0.2	555
wavelet-HLH_glszm_ZonePercentage	0.35609756097560974	0.3	412
wavelet-HLH_glszm_ZoneVariance	0.3195121951219512	0.2	283
wavelet-HLH_ngtdm_Busyness	0.2780487804878049	0.15	335
wavelet-HLH_ngtdm_Coarseness	0.2475609756097561	0.25	186
wavelet-HLH_ngtdm_Complexity	0.2939024390243902	0.05	518
wavelet-HLH_ngtdm_Contrast	0.30853658536585366	0.15	471
wavelet-HLH_ngtdm_Strength	0.24878048780487805	0.25	187
wavelet-HLL_firstorder_10Percentile	0.26097560975609757	0.25	747
wavelet-HLL_firstorder_90Percentile	0.36829268292682926	0.15	198
wavelet-HLL_firstorder_Energy	0.22317073170731708	0.35	13
wavelet-HLL_firstorder_Entropy	0.3121951219512195	0.25	386
wavelet-HLL_firstorder_InterquartileRange	0.3621951219512195	0.15	616
wavelet-HLL_firstorder_Kurtosis	0.24146341463414633	0.15	238
wavelet-HLL_firstorder_Maximum	0.3146341463414634	0.2	318
wavelet-HLL_firstorder_Mean	0.3195121951219512	0.5	33
wavelet-HLL_firstorder_MeanAbsoluteDeviation	0.31585365853658537	0.2	379
wavelet-HLL_firstorder_Median	0.27439024390243905	0.3	278
wavelet-HLL_firstorder_Minimum	0.14634146341463414	0.4	203
wavelet-HLL_firstorder_Range	0.22439024390243903	0.25	198
wavelet-HLL_firstorder_RobustMeanAbsoluteDeviation	0.3024390243902439	0.3	513
wavelet-HLL_firstorder_RootMeanSquared	0.2280487804878049	0.4	26
wavelet-HLL_firstorder_Skewness	0.22439024390243903	0.25	140
wavelet-HLL_firstorder_TotalEnergy	0.22317073170731708	0.35	13
wavelet-HLL_firstorder_Uniformity	0.32682926829268294	0.2	309
wavelet-HLL_firstorder_Variance	0.31585365853658537	0.4	285
wavelet-HLL_glcm_Autocorrelation	0.2548780487804878	0.4	187
wavelet-HLL_glcm_ClusterProminence	0.3121951219512195	0.25	145
wavelet-HLL_glcm_ClusterShade	0.3121951219512195	0.35	181
wavelet-HLL_glcm_ClusterTendency	0.3097560975609756	0.35	150
wavelet-HLL_glcm_Contrast	0.3353658536585366	0.35	627
wavelet-HLL_glcm_Correlation	0.3195121951219512	0.05	493
wavelet-HLL_glcm_DifferenceAverage	0.33658536585365856	0.25	644
wavelet-HLL_glcm_DifferenceEntropy	0.2634146341463415	0.2	541
wavelet-HLL_glcm_DifferenceVariance	0.2817073170731707	0.4	289
wavelet-HLL_glcm_Id	0.30365853658536585	0.35	573
wavelet-HLL_glcm_Idm	0.27439024390243905	0.35	572
wavelet-HLL_glcm_Idmn	0.2914634146341463	0.25	664
wavelet-HLL_glcm_Idn	0.2804878048780488	0.25	652
wavelet-HLL_glcm_Imc1	0.3097560975609756	0.5	164
wavelet-HLL_glcm_Imc2	0.35121951219512193	0.4	130
wavelet-HLL_glcm_InverseVariance	0.2914634146341463	0.25	590
wavelet-HLL_glcm_JointAverage	0.21585365853658536	0.3	172
wavelet-HLL_glcm_JointEnergy	0.39634146341463417	0.2	348
wavelet-HLL_glcm_JointEntropy	0.4329268292682927	0.3	519
wavelet-HLL_glcm_MaximumProbability	0.35121951219512193	0.25	440
wavelet-HLL_glcm_SumEntropy	0.32195121951219513	0.2	349
wavelet-HLL_glcm_SumSquares	0.35121951219512193	0.25	316
wavelet-HLL_gldm_DependenceEntropy	0.30121951219512194	0.25	541
wavelet-HLL_gldm_DependenceNonUniformity	0.3182926829268293	0.25	740
wavelet-HLL_gldm_DependenceNonUniformityNormalized	0.2975609756097561	0.25	646
wavelet-HLL_gldm_DependenceVariance	0.3097560975609756	0.25	390
wavelet-HLL_gldm_GrayLevelNonUniformity	0.3097560975609756	0.3	160
wavelet-HLL_gldm_GrayLevelVariance	0.3207317073170732	0.4	287
wavelet-HLL_gldm_HighGrayLevelEmphasis	0.275609756097561	0.35	191
wavelet-HLL_gldm_LargeDependenceEmphasis	0.2865853658536585	0.15	400
wavelet-HLL_gldm_LargeDependenceHighGrayLevelEmphasis	0.3353658536585366	0.25	199
wavelet-HLL_gldm_LargeDependenceLowGrayLevelEmphasis	0.2865853658536585	0.1	225
wavelet-HLL_gldm_LowGrayLevelEmphasis	0.18536585365853658	0.4	423
wavelet-HLL_gldm_SmallDependenceEmphasis	0.27682926829268295	0.25	543
wavelet-HLL_gldm_SmallDependenceHighGrayLevelEmphasis	0.3146341463414634	0.4	236
wavelet-HLL_gldm_SmallDependenceLowGrayLevelEmphasis	0.11463414634146342	0.2	478
wavelet-HLL_glrlm_GrayLevelNonUniformity	0.27682926829268295	0.35	175
wavelet-HLL_glrlm_GrayLevelNonUniformityNormalized	0.2939024390243902	0.2	337
wavelet-HLL_glrlm_GrayLevelVariance	0.2865853658536585	0.5	259
wavelet-HLL_glrlm_HighGrayLevelRunEmphasis	0.2597560975609756	0.35	190
wavelet-HLL_glrlm_LongRunEmphasis	0.275609756097561	0.25	403
wavelet-HLL_glrlm_LongRunHighGrayLevelEmphasis	0.2597560975609756	0.45	178
wavelet-HLL_glrlm_LongRunLowGrayLevelEmphasis	0.24024390243902438	0.4	343
wavelet-HLL_glrlm_LowGrayLevelRunEmphasis	0.2121951219512195	0.45	414
wavelet-HLL_glrlm_RunEntropy	0.29634146341463413	0.3	424
wavelet-HLL_glrlm_RunLengthNonUniformity	0.31341463414634146	0.35	294
wavelet-HLL_glrlm_RunLengthNonUniformityNormalized	0.21829268292682927	0.25	493
wavelet-HLL_glrlm_RunPercentage	0.2634146341463415	0.2	454
wavelet-HLL_glrlm_RunVariance	0.26463414634146343	0.2	358
wavelet-HLL_glrlm_ShortRunEmphasis	0.20853658536585365	0.25	464
wavelet-HLL_glrlm_ShortRunHighGrayLevelEmphasis	0.2841463414634146	0.4	193
wavelet-HLL_glrlm_ShortRunLowGrayLevelEmphasis	0.1402439024390244	0.4	420
wavelet-HLL_glszm_GrayLevelNonUniformity	0.2548780487804878	0.2	238
wavelet-HLL_glszm_GrayLevelNonUniformityNormalized	0.28536585365853656	0.25	376
wavelet-HLL_glszm_GrayLevelVariance	0.2865853658536585	0.5	239
wavelet-HLL_glszm_HighGrayLevelZoneEmphasis	0.2426829268292683	0.35	189
wavelet-HLL_glszm_LargeAreaEmphasis	0.3146341463414634	0.2	265
wavelet-HLL_glszm_LargeAreaHighGrayLevelEmphasis	0.45	0.25	175
wavelet-HLL_glszm_LargeAreaLowGrayLevelEmphasis	0.24390243902439024	0.15	254
wavelet-HLL_glszm_LowGrayLevelZoneEmphasis	0.2975609756097561	0.25	393
wavelet-HLL_glszm_SizeZoneNonUniformity	0.28292682926829266	0.2	713
wavelet-HLL_glszm_SizeZoneNonUniformityNormalized	0.27195121951219514	0.3	584
wavelet-HLL_glszm_SmallAreaEmphasis	0.26463414634146343	0.3	542
wavelet-HLL_glszm_SmallAreaHighGrayLevelEmphasis	0.2817073170731707	0.35	204
wavelet-HLL_glszm_SmallAreaLowGrayLevelEmphasis	0.30121951219512194	0.4	425
wavelet-HLL_glszm_ZoneEntropy	0.27439024390243905	0.1	535
wavelet-HLL_glszm_ZonePercentage	0.3024390243902439	0.3	511
wavelet-HLL_glszm_ZoneVariance	0.29024390243902437	0.25	201
wavelet-HLL_ngtdm_Busyness	0.16219512195121952	0.3	243
wavelet-HLL_ngtdm_Coarseness	0.22317073170731708	0.25	451
wavelet-HLL_ngtdm_Complexity	0.3378048780487805	0.4	610
wavelet-HLL_ngtdm_Contrast	0.3439024390243902	0.2	570
wavelet-HLL_ngtdm_Strength	0.2865853658536585	0.25	177
wavelet-LHH_firstorder_10Percentile	0.25	0.2	730
wavelet-LHH_firstorder_90Percentile	0.2451219512195122	0.2	469
wavelet-LHH_firstorder_Energy	0.35	0.35	1
wavelet-LHH_firstorder_Entropy	0.1975609756097561	0.25	340
wavelet-LHH_firstorder_InterquartileRange	0.24024390243902438	0.25	678
wavelet-LHH_firstorder_Kurtosis	0.25365853658536586	0.25	392
wavelet-LHH_firstorder_Maximum	0.21829268292682927	0.1	595
wavelet-LHH_firstorder_Mean	0.21707317073170732	0.4	291
wavelet-LHH_firstorder_MeanAbsoluteDeviation	0.24878048780487805	0.45	522
wavelet-LHH_firstorder_Median	0.3024390243902439	0.25	463
wavelet-LHH_firstorder_Minimum	0.19634146341463415	0.3	508
wavelet-LHH_firstorder_Range	0.19634146341463415	0.15	531
wavelet-LHH_firstorder_RobustMeanAbsoluteDeviation	0.2951219512195122	0.2	639
wavelet-LHH_firstorder_Skewness	0.1524390243902439	0.2	409
wavelet-LHH_firstorder_TotalEnergy	0.35	0.35	1
wavelet-LHH_firstorder_Uniformity	0.2	0.25	350
wavelet-LHH_firstorder_Variance	0.2426829268292683	0.4	537
wavelet-LHH_glcm_Autocorrelation	0.28536585365853656	0.1	415
wavelet-LHH_glcm_ClusterProminence	0.32682926829268294	0.2	564
wavelet-LHH_glcm_ClusterShade	0.3902439024390244	0.3	424
wavelet-LHH_glcm_ClusterTendency	0.2926829268292683	0.3	532
wavelet-LHH_glcm_Contrast	0.23414634146341465	0.2	599
wavelet-LHH_glcm_Correlation	0.29024390243902437	0.15	602
wavelet-LHH_glcm_DifferenceAverage	0.23414634146341465	0.2	599
wavelet-LHH_glcm_DifferenceEntropy	0.2658536585365854	0.15	574
wavelet-LHH_glcm_DifferenceVariance	0.26463414634146343	0.15	577
wavelet-LHH_glcm_Id	0.23414634146341465	0.2	598
wavelet-LHH_glcm_Idm	0.23414634146341465	0.2	598
wavelet-LHH_glcm_Idmn	0.23414634146341465	0.2	598
wavelet-LHH_glcm_Idn	0.23414634146341465	0.2	597
wavelet-LHH_glcm_Imc1	0.23780487804878048	0.35	686
wavelet-LHH_glcm_Imc2	0.22439024390243903	0.3	696
wavelet-LHH_glcm_InverseVariance	0.23414634146341465	0.2	599
wavelet-LHH_glcm_JointAverage	0.27195121951219514	0.2	408
wavelet-LHH_glcm_JointEnergy	0.23780487804878048	0.3	363
wavelet-LHH_glcm_JointEntropy	0.24146341463414633	0.35	408
wavelet-LHH_glcm_MaximumProbability	0.21341463414634146	0.3	388
wavelet-LHH_glcm_SumEntropy	0.30609756097560975	0.2	570
wavelet-LHH_glcm_SumSquares	0.20365853658536584	0.2	356
wavelet-LHH_gldm_DependenceEntropy	0.3280487804878049	0.25	476
wavelet-LHH_gldm_DependenceNonUniformity	0.1951219512195122	0.4	433
wavelet-LHH_gldm_DependenceNonUniformityNormalized	0.275609756097561	0.25	588
wavelet-LHH_gldm_DependenceVariance	0.34146341463414637	0.25	471
wavelet-LHH_gldm_GrayLevelNonUniformity	0.39390243902439026	0.4	47
wavelet-LHH_gldm_GrayLevelVariance	0.2	0.25	349
wavelet-LHH_gldm_HighGrayLevelEmphasis	0.3097560975609756	0.4	441
wavelet-LHH_gldm_LargeDependenceEmphasis	0.30365853658536585	0.3	525
wavelet-LHH_gldm_LargeDependenceHighGrayLevelEmphasis	0.26707317073170733	0.2	525
wavelet-LHH_gldm_LargeDependenceLowGrayLevelEmphasis	0.3024390243902439	0.2	354
wavelet-LHH_gldm_LowGrayLevelEmphasis	0.3097560975609756	0.4	442
wavelet-LHH_gldm_SmallDependenceEmphasis	0.30365853658536585	0.25	456
wavelet-LHH_gldm_SmallDependenceHighGrayLevelEmphasis	0.3195121951219512	0.3	526
wavelet-LHH_gldm_SmallDependenceLowGrayLevelEmphasis	0.21951219512195122	0.15	449
wavelet-LHH_glrlm_GrayLevelNonUniformity	0.3073170731707317	0.35	207
wavelet-LHH_glrlm_GrayLevelNonUniformityNormalized	0.20365853658536584	0.25	267
wavelet-LHH_glrlm_GrayLevelVariance	0.20365853658536584	0.25	268
wavelet-LHH_glrlm_HighGrayLevelRunEmphasis	0.24024390243902438	0.25	370
wavelet-LHH_glrlm_LongRunEmphasis	0.3524390243902439	0.3	436
wavelet-LHH_glrlm_LongRunHighGrayLevelEmphasis	0.35365853658536583	0.2	482
wavelet-LHH_glrlm_LongRunLowGrayLevelEmphasis	0.27195121951219514	0.1	337
wavelet-LHH_glrlm_LowGrayLevelRunEmphasis	0.24024390243902438	0.25	370
wavelet-LHH_glrlm_RunEntropy	0.4036585365853659	0.2	424
wavelet-LHH_glrlm_RunLengthNonUniformity	0.2548780487804878	0.25	573
wavelet-LHH_glrlm_RunLengthNonUniformityNormalized	0.38902439024390245	0.25	504
wavelet-LHH_glrlm_RunPercentage	0.31585365853658537	0.25	548
wavelet-LHH_glrlm_RunVariance	0.31097560975609756	0.3	463
wavelet-LHH_glrlm_ShortRunEmphasis	0.3121951219512195	0.25	451
wavelet-LHH_glrlm_ShortRunHighGrayLevelEmphasis	0.33170731707317075	0.35	410
wavelet-LHH_glrlm_ShortRunLowGrayLevelEmphasis	0.30609756097560975	0.05	495
wavelet-LHH_glszm_GrayLevelNonUniformity	0.21097560975609755	0.3	551
wavelet-LHH_glszm_GrayLevelNonUniformityNormalized	0.22439024390243903	0.05	477
wavelet-LHH_glszm_GrayLevelVariance	0.22439024390243903	0.05	477
wavelet-LHH_glszm_HighGrayLevelZoneEmphasis	0.21341463414634146	0.3	537
wavelet-LHH_glszm_LargeAreaEmphasis	0.33170731707317075	0.25	299
wavelet-LHH_glszm_LargeAreaHighGrayLevelEmphasis	0.30365853658536585	0.35	318
wavelet-LHH_glszm_LargeAreaLowGrayLevelEmphasis	0.3207317073170732	0.35	283
wavelet-LHH_glszm_LowGrayLevelZoneEmphasis	0.21341463414634146	0.3	538
wavelet-LHH_glszm_SizeZoneNonUniformity	0.24634146341463414	0.3	502
wavelet-LHH_glszm_SizeZoneNonUniformityNormalized	0.27926829268292686	0.15	475
wavelet-LHH_glszm_SmallAreaEmphasis	0.2146341463414634	0.1	536
wavelet-LHH_glszm_SmallAreaHighGrayLevelEmphasis	0.2707317073170732	0.15	546
wavelet-LHH_glszm_SmallAreaLowGrayLevelEmphasis	0.15609756097560976	0.05	518
wavelet-LHH_glszm_ZoneEntropy	0.26463414634146343	0.25	548
wavelet-LHH_glszm_ZonePercentage	0.2890243902439024	0.3	413
wavelet-LHH_glszm_ZoneVariance	0.3024390243902439	0.2	305
wavelet-LHH_ngtdm_Busyness	0.25121951219512195	0.4	430
wavelet-LHH_ngtdm_Coarseness	0.29024390243902437	0.2	201
wavelet-LHH_ngtdm_Complexity	0.2621951219512195	0.25	586
wavelet-LHH_ngtdm_Contrast	0.25609756097560976	0.25	564
wavelet-LHH_ngtdm_Strength	0.27195121951219514	0.3	201
wavelet-LHL_firstorder_10Percentile	0.22682926829268293	0.2	723
wavelet-LHL_firstorder_90Percentile	0.2097560975609756	0.3	293
wavelet-LHL_firstorder_Energy	0.26707317073170733	0.35	11
wavelet-LHL_firstorder_Entropy	0.22317073170731708	0.2	501
wavelet-LHL_firstorder_InterquartileRange	0.2682926829268293	0.3	694
wavelet-LHL_firstorder_Kurtosis	0.1329268292682927	0.2	207
wavelet-LHL_firstorder_Maximum	0.26463414634146343	0.1	411
wavelet-LHL_firstorder_Mean	0.2926829268292683	0.3	59
wavelet-LHL_firstorder_MeanAbsoluteDeviation	0.21829268292682927	0.3	523
wavelet-LHL_firstorder_Median	0.21341463414634146	0.4	460
wavelet-LHL_firstorder_Minimum	0.18170731707317073	0.25	205
wavelet-LHL_firstorder_Range	0.22073170731707317	0.2	253
wavelet-LHL_firstorder_RobustMeanAbsoluteDeviation	0.3146341463414634	0.4	657
wavelet-LHL_firstorder_RootMeanSquared	0.2097560975609756	0.3	57
wavelet-LHL_firstorder_Skewness	0.06219512195121951	0.1	184
wavelet-LHL_firstorder_TotalEnergy	0.26707317073170733	0.35	11
wavelet-LHL_firstorder_Uniformity	0.2865853658536585	0.2	387
wavelet-LHL_firstorder_Variance	0.23780487804878048	0.25	414
wavelet-LHL_glcm_Autocorrelation	0.14634146341463414	0.25	179
wavelet-LHL_glcm_ClusterProminence	0.23780487804878048	0.3	221
wavelet-LHL_glcm_ClusterShade	0.20853658536585365	0.35	217
wavelet-LHL_glcm_ClusterTendency	0.23658536585365852	0.3	269
wavelet-LHL_glcm_Contrast	0.20243902439024392	0.25	607
wavelet-LHL_glcm_Correlation	0.3048780487804878	0.15	525
wavelet-LHL_glcm_DifferenceAverage	0.2475609756097561	0.25	687
wavelet-LHL_glcm_DifferenceEntropy	0.30121951219512194	0.3	621
wavelet-LHL_glcm_DifferenceVariance	0.23902439024390243	0.2	318
wavelet-LHL_glcm_Id	0.2951219512195122	0.15	617
wavelet-LHL_glcm_Idm	0.3402439024390244	0.25	612
wavelet-LHL_glcm_Idmn	0.18536585365853658	0.15	609
wavelet-LHL_glcm_Idn	0.23658536585365852	0.3	628
wavelet-LHL_glcm_Imc1	0.18292682926829268	0.4	214
wavelet-LHL_glcm_Imc2	0.29634146341463413	0.3	165
wavelet-LHL_glcm_InverseVariance	0.2475609756097561	0.1	647
wavelet-LHL_glcm_JointAverage	0.15853658536585366	0.25	191
wavelet-LHL_glcm_JointEnergy	0.4170731707317073	0.35	335
wavelet-LHL_glcm_JointEntropy	0.41341463414634144	0.3	535
wavelet-LHL_glcm_MaximumProbability	0.30121951219512194	0.25	456
wavelet-LHL_glcm_SumEntropy	0.3878048780487805	0.35	417
wavelet-LHL_glcm_SumSquares	0.2475609756097561	0.2	434
wavelet-LHL_gldm_DependenceEntropy	0.2548780487804878	0.15	547
wavelet-LHL_gldm_DependenceNonUniformity	0.29878048780487804	0.2	749
wavelet-LHL_gldm_DependenceNonUniformityNormalized	0.3195121951219512	0.2	670
wavelet-LHL_gldm_DependenceVariance	0.275609756097561	0.2	392
wavelet-LHL_gldm_GrayLevelNonUniformity	0.28292682926829266	0.45	202
wavelet-LHL_gldm_GrayLevelVariance	0.21341463414634146	0.15	418
wavelet-LHL_gldm_HighGrayLevelEmphasis	0.11951219512195121	0.25	181
wavelet-LHL_gldm_LargeDependenceEmphasis	0.31341463414634146	0.35	430
wavelet-LHL_gldm_LargeDependenceHighGrayLevelEmphasis	0.2073170731707317	0.35	211
wavelet-LHL_gldm_LargeDependenceLowGrayLevelEmphasis	0.21341463414634146	0.25	261
wavelet-LHL_gldm_LowGrayLevelEmphasis	0.13170731707317074	0.2	369
wavelet-LHL_gldm_SmallDependenceEmphasis	0.32926829268292684	0.2	568
wavelet-LHL_gldm_SmallDependenceHighGrayLevelEmphasis	0.14512195121951219	0.15	241
wavelet-LHL_gldm_SmallDependenceLowGrayLevelEmphasis	0.21829268292682927	0.3	430
wavelet-LHL_glrlm_GrayLevelNonUniformity	0.23780487804878048	0.3	207
wavelet-LHL_glrlm_GrayLevelNonUniformityNormalized	0.2865853658536585	0.2	415
wavelet-LHL_glrlm_GrayLevelVariance	0.21707317073170732	0.35	432
wavelet-LHL_glrlm_HighGrayLevelRunEmphasis	0.2121951219512195	0.25	180
wavelet-LHL_glrlm_LongRunEmphasis	0.33170731707317075	0.3	431
wavelet-LHL_glrlm_LongRunHighGrayLevelEmphasis	0.22073170731707317	0.15	172
wavelet-LHL_glrlm_LongRunLowGrayLevelEmphasis	0.2097560975609756	0.15	331
wavelet-LHL_glrlm_LowGrayLevelRunEmphasis	0.14512195121951219	0.2	358
wavelet-LHL_glrlm_RunEntropy	0.18292682926829268	0.35	545
wavelet-LHL_glrlm_RunLengthNonUniformity	0.3170731707317073	0.4	308
wavelet-LHL_glrlm_RunLengthNonUniformityNormalized	0.3121951219512195	0.2	502
wavelet-LHL_glrlm_RunPercentage	0.3304878048780488	0.2	483
wavelet-LHL_glrlm_RunVariance	0.3231707317073171	0.25	399
wavelet-LHL_glrlm_ShortRunEmphasis	0.2890243902439024	0.2	488
wavelet-LHL_glrlm_ShortRunHighGrayLevelEmphasis	0.17926829268292682	0.25	191
wavelet-LHL_glrlm_ShortRunLowGrayLevelEmphasis	0.16951219512195123	0.1	363
wavelet-LHL_glszm_GrayLevelNonUniformity	0.325609756097561	0.35	303
wavelet-LHL_glszm_GrayLevelNonUniformityNormalized	0.28780487804878047	0.3	499
wavelet-LHL_glszm_GrayLevelVariance	0.26707317073170733	0.3	360
wavelet-LHL_glszm_HighGrayLevelZoneEmphasis	0.19146341463414634	0.3	184
wavelet-LHL_glszm_LargeAreaEmphasis	0.3402439024390244	0.2	294
wavelet-LHL_glszm_LargeAreaHighGrayLevelEmphasis	0.2426829268292683	0.2	173
wavelet-LHL_glszm_LargeAreaLowGrayLevelEmphasis	0.2573170731707317	0.15	237
wavelet-LHL_glszm_LowGrayLevelZoneEmphasis	0.1975609756097561	0.2	370
wavelet-LHL_glszm_SizeZoneNonUniformity	0.275609756097561	0.15	723
wavelet-LHL_glszm_SizeZoneNonUniformityNormalized	0.3	0.25	610
wavelet-LHL_glszm_SmallAreaEmphasis	0.3073170731707317	0.25	564
wavelet-LHL_glszm_SmallAreaHighGrayLevelEmphasis	0.11829268292682926	0.25	201
wavelet-LHL_glszm_SmallAreaLowGrayLevelEmphasis	0.16829268292682928	0.25	383
wavelet-LHL_glszm_ZoneEntropy	0.26707317073170733	0.25	551
wavelet-LHL_glszm_ZonePercentage	0.3146341463414634	0.4	527
wavelet-LHL_glszm_ZoneVariance	0.32682926829268294	0.2	220
wavelet-LHL_ngtdm_Busyness	0.21829268292682927	0.1	315
wavelet-LHL_ngtdm_Coarseness	0.2451219512195122	0.2	471
wavelet-LHL_ngtdm_Complexity	0.25609756097560976	0.15	664
wavelet-LHL_ngtdm_Contrast	0.2707317073170732	0.25	622
wavelet-LHL_ngtdm_Strength	0.17560975609756097	0.2	241
wavelet-LLH_firstorder_10Percentile	0.2048780487804878	0.1	186
wavelet-LLH_firstorder_90Percentile	0.18414634146341463	0.25	157
wavelet-LLH_firstorder_Energy	0.35	0.35	1
wavelet-LLH_firstorder_Entropy	0.2304878048780488	0.2	126
wavelet-LLH_firstorder_InterquartileRange	0.1902439024390244	0.25	283
wavelet-LLH_firstorder_Kurtosis	0.17926829268292682	0.25	445
wavelet-LLH_firstorder_Maximum	0.1926829268292683	0.1	465
wavelet-LLH_firstorder_Mean	0.1951219512195122	0.15	66
wavelet-LLH_firstorder_MeanAbsoluteDeviation	0.26463414634146343	0.2	213
wavelet-LLH_firstorder_Median	0.12195121951219512	0.25	84
wavelet-LLH_firstorder_Minimum	0.20365853658536584	0.25	556
wavelet-LLH_firstorder_Range	0.22926829268292684	0.2	472
wavelet-LLH_firstorder_RobustMeanAbsoluteDeviation	0.22926829268292684	0.15	225
wavelet-LLH_firstorder_Skewness	0.21585365853658536	0.3	462
wavelet-LLH_firstorder_TotalEnergy	0.35	0.35	1
wavelet-LLH_firstorder_Uniformity	0.18170731707317073	0.15	125
wavelet-LLH_firstorder_Variance	0.27926829268292686	0.2	242
wavelet-LLH_glcm_Autocorrelation	0.19634146341463415	0.2	119
wavelet-LLH_glcm_ClusterProminence	0.13902439024390245	0.35	172
wavelet-LLH_glcm_ClusterShade	0.3670731707317073	0	173
wavelet-LLH_glcm_ClusterTendency	0.25609756097560976	0.2	153
wavelet-LLH_glcm_Contrast	0.23902439024390243	0.3	260
wavelet-LLH_glcm_Correlation	0.11585365853658537	0.2	224
wavelet-LLH_glcm_DifferenceAverage	0.23902439024390243	0.3	260
wavelet-LLH_glcm_DifferenceEntropy	0.2548780487804878	0.35	253
wavelet-LLH_glcm_DifferenceVariance	0.27682926829268295	0.45	260
wavelet-LLH_glcm_Id	0.23902439024390243	0.3	260
wavelet-LLH_glcm_Idm	0.23902439024390243	0.3	260
wavelet-LLH_glcm_Idmn	0.23902439024390243	0.3	259
wavelet-LLH_glcm_Idn	0.23902439024390243	0.3	262
wavelet-LLH_glcm_Imc1	0.12682926829268293	0.3	234
wavelet-LLH_glcm_Imc2	0.26707317073170733	0.3	251
wavelet-LLH_glcm_InverseVariance	0.23902439024390243	0.3	260
wavelet-LLH_glcm_JointAverage	0.32195121951219513	0.3	114
wavelet-LLH_glcm_JointEnergy	0.2121951219512195	0.2	175
wavelet-LLH_glcm_JointEntropy	0.19146341463414634	0.2	188
wavelet-LLH_glcm_MaximumProbability	0.17804878048780487	0.25	188
wavelet-LLH_glcm_SumEntropy	0.23902439024390243	0.15	162
wavelet-LLH_glcm_SumSquares	0.1524390243902439	0.3	146
wavelet-LLH_gldm_DependenceEntropy	0.26097560975609757	0.4	180
wavelet-LLH_gldm_DependenceNonUniformity	0.42317073170731706	0.4	176
wavelet-LLH_gldm_DependenceNonUniformityNormalized	0.35121951219512193	0.3	190
wavelet-LLH_gldm_DependenceVariance	0.2939024390243902	0.25	234
wavelet-LLH_gldm_GrayLevelNonUniformity	0.26951219512195124	0.4	35
wavelet-LLH_gldm_GrayLevelVariance	0.18170731707317073	0.15	126
wavelet-LLH_gldm_HighGrayLevelEmphasis	0.2597560975609756	0.15	110
wavelet-LLH_gldm_LargeDependenceEmphasis	0.18902439024390244	0.4	69
wavelet-LLH_gldm_LargeDependenceHighGrayLevelEmphasis	0.26463414634146343	0.45	72
wavelet-LLH_gldm_LargeDependenceLowGrayLevelEmphasis	0.20365853658536584	0.25	102
wavelet-LLH_gldm_LowGrayLevelEmphasis	0.2597560975609756	0.15	109
wavelet-LLH_gldm_SmallDependenceEmphasis	0.25	0.4	369
wavelet-LLH_gldm_SmallDependenceHighGrayLevelEmphasis	0.3170731707317073	0.4	305
wavelet-LLH_gldm_SmallDependenceLowGrayLevelEmphasis	0.15121951219512195	0.2	406
wavelet-LLH_glrlm_GrayLevelNonUniformity	0.20609756097560974	0.3	190
wavelet-LLH_glrlm_GrayLevelNonUniformityNormalized	0.20365853658536584	0.25	161
wavelet-LLH_glrlm_GrayLevelVariance	0.20365853658536584	0.25	162
wavelet-LLH_glrlm_HighGrayLevelRunEmphasis	0.13414634146341464	0.2	140
wavelet-LLH_glrlm_LongRunEmphasis	0.3353658536585366	0.45	83
wavelet-LLH_glrlm_LongRunHighGrayLevelEmphasis	0.12317073170731707	0.35	85
wavelet-LLH_glrlm_LongRunLowGrayLevelEmphasis	0.2573170731707317	0.35	117
wavelet-LLH_glrlm_LowGrayLevelRunEmphasis	0.13414634146341464	0.2	141
wavelet-LLH_glrlm_RunEntropy	0.18658536585365854	0.25	115
wavelet-LLH_glrlm_RunLengthNonUniformity	0.348780487804878	0.15	117
wavelet-LLH_glrlm_RunLengthNonUniformityNormalized	0.33170731707317075	0.3	98
wavelet-LLH_glrlm_RunPercentage	0.2707317073170732	0.6	87
wavelet-LLH_glrlm_RunVariance	0.2731707317073171	0.35	92
wavelet-LLH_glrlm_ShortRunEmphasis	0.31341463414634146	0.4	156
wavelet-LLH_glrlm_ShortRunHighGrayLevelEmphasis	0.26707317073170733	0.5	173
wavelet-LLH_glrlm_ShortRunLowGrayLevelEmphasis	0.21585365853658536	0.2	204
wavelet-LLH_glszm_GrayLevelNonUniformity	0.10609756097560975	0.45	448
wavelet-LLH_glszm_GrayLevelNonUniformityNormalized	0.22195121951219512	0.25	361
wavelet-LLH_glszm_GrayLevelVariance	0.22195121951219512	0.25	361
wavelet-LLH_glszm_HighGrayLevelZoneEmphasis	0.19634146341463415	0.3	329
wavelet-LLH_glszm_LargeAreaEmphasis	0.23780487804878048	0.35	234
wavelet-LLH_glszm_LargeAreaHighGrayLevelEmphasis	0.22926829268292684	0.45	220
wavelet-LLH_glszm_LargeAreaLowGrayLevelEmphasis	0.36341463414634145	0.2	232
wavelet-LLH_glszm_LowGrayLevelZoneEmphasis	0.19634146341463415	0.3	329
wavelet-LLH_glszm_SizeZoneNonUniformity	0.22926829268292684	0.15	536
wavelet-LLH_glszm_SizeZoneNonUniformityNormalized	0.12682926829268293	0.1	433
wavelet-LLH_glszm_SmallAreaEmphasis	0.21097560975609755	0.2	494
wavelet-LLH_glszm_SmallAreaHighGrayLevelEmphasis	0.2073170731707317	0.2	446
wavelet-LLH_glszm_SmallAreaLowGrayLevelEmphasis	0.2841463414634146	0.2	448
wavelet-LLH_glszm_ZoneEntropy	0.12804878048780488	0.3	429
wavelet-LLH_glszm_ZonePercentage	0.3195121951219512	0.25	422
wavelet-LLH_glszm_ZoneVariance	0.2731707317073171	0.4	238
wavelet-LLH_ngtdm_Busyness	0.1073170731707317	0.25	346
wavelet-LLH_ngtdm_Coarseness	0.18414634146341463	0.1	210
wavelet-LLH_ngtdm_Complexity	0.15365853658536585	0.45	275
wavelet-LLH_ngtdm_Contrast	0.21341463414634146	0.3	229
wavelet-LLH_ngtdm_Strength	0.19878048780487806	0	239
wavelet-LLL_firstorder_10Percentile	0.22073170731707317	0.35	90
wavelet-LLL_firstorder_90Percentile	0.29634146341463413	0.15	58
wavelet-LLL_firstorder_Energy	0.4146341463414634	0.15	14
wavelet-LLL_firstorder_Entropy	0.3182926829268293	0.3	213
wavelet-LLL_firstorder_InterquartileRange	0.2926829268292683	0.3	121
wavelet-LLL_firstorder_Kurtosis	0.22682926829268293	0.3	87
wavelet-LLL_firstorder_Maximum	0.24390243902439024	0.35	88
wavelet-LLL_firstorder_Mean	0.3463414634146341	0.25	21
wavelet-LLL_firstorder_MeanAbsoluteDeviation	0.3207317073170732	0.2	46
wavelet-LLL_firstorder_Median	0.10365853658536585	0.35	35
wavelet-LLL_firstorder_Minimum	0.22439024390243903	0.4	313
wavelet-LLL_firstorder_Range	0.3231707317073171	0.4	130
wavelet-LLL_firstorder_RobustMeanAbsoluteDeviation	0.4	0.3	70
wavelet-LLL_firstorder_RootMeanSquared	0.2097560975609756	0.35	20
wavelet-LLL_firstorder_Skewness	0.11829268292682926	0.2	120
wavelet-LLL_firstorder_TotalEnergy	0.4146341463414634	0.15	14
wavelet-LLL_firstorder_Uniformity	0.30853658536585366	0.3	219
wavelet-LLL_firstorder_Variance	0.28536585365853656	0.25	36
wavelet-LLL_glcm_Autocorrelation	0.16219512195121952	0.1	315
wavelet-LLL_glcm_ClusterProminence	0.3207317073170732	0.2	43
wavelet-LLL_glcm_ClusterShade	0.15121951219512195	0.1	72
wavelet-LLL_glcm_ClusterTendency	0.28780487804878047	0.25	43
wavelet-LLL_glcm_Contrast	0.20365853658536584	0.5	36
wavelet-LLL_glcm_Correlation	0.23658536585365852	0.25	64
wavelet-LLL_glcm_DifferenceAverage	0.3195121951219512	0.45	53
wavelet-LLL_glcm_DifferenceEntropy	0.21341463414634146	0.3	123
wavelet-LLL_glcm_DifferenceVariance	0.32926829268292684	0.25	42
wavelet-LLL_glcm_Id	0.34146341463414637	0.15	232
wavelet-LLL_glcm_Idm	0.2914634146341463	0.4	266
wavelet-LLL_glcm_Idmn	0.34146341463414637	0.3	111
wavelet-LLL_glcm_Idn	0.18170731707317073	0.5	129
wavelet-LLL_glcm_Imc1	0.29634146341463413	0.25	90
wavelet-LLL_glcm_Imc2	0.33902439024390246	0.35	95
wavelet-LLL_glcm_InverseVariance	0.24146341463414633	0.25	332
wavelet-LLL_glcm_JointAverage	0.2097560975609756	0.25	331
wavelet-LLL_glcm_JointEnergy	0.39146341463414636	0.25	211
wavelet-LLL_glcm_JointEntropy	0.3353658536585366	0.2	199
wavelet-LLL_glcm_MaximumProbability	0.27682926829268295	0.25	458
wavelet-LLL_glcm_SumEntropy	0.33902439024390246	0.1	175
wavelet-LLL_glcm_SumSquares	0.2682926829268293	0.25	38
wavelet-LLL_gldm_DependenceEntropy	0.19146341463414634	0.25	337
wavelet-LLL_gldm_DependenceNonUniformity	0.1975609756097561	0.25	609
wavelet-LLL_gldm_DependenceNonUniformityNormalized	0.2426829268292683	0.4	440
wavelet-LLL_gldm_DependenceVariance	0.28536585365853656	0.25	337
wavelet-LLL_gldm_GrayLevelNonUniformity	0.3146341463414634	0.25	110
wavelet-LLL_gldm_GrayLevelVariance	0.39878048780487807	0.2	37
wavelet-LLL_gldm_HighGrayLevelEmphasis	0.24390243902439024	0.2	292
wavelet-LLL_gldm_LargeDependenceEmphasis	0.2634146341463415	0.4	300
wavelet-LLL_gldm_LargeDependenceHighGrayLevelEmphasis	0.3378048780487805	0.05	357
wavelet-LLL_gldm_LargeDependenceLowGrayLevelEmphasis	0.2634146341463415	0.15	307
wavelet-LLL_gldm_LowGrayLevelEmphasis	0.19634146341463415	0.25	419
wavelet-LLL_gldm_SmallDependenceEmphasis	0.24390243902439024	0.3	397
wavelet-LLL_gldm_SmallDependenceHighGrayLevelEmphasis	0.2304878048780488	0.1	299
wavelet-LLL_gldm_SmallDependenceLowGrayLevelEmphasis	0.1719512195121951	0.4	466
wavelet-LLL_glrlm_GrayLevelNonUniformity	0.2951219512195122	0.3	105
wavelet-LLL_glrlm_GrayLevelNonUniformityNormalized	0.3048780487804878	0.2	223
wavelet-LLL_glrlm_GrayLevelVariance	0.19634146341463415	0.3	38
wavelet-LLL_glrlm_HighGrayLevelRunEmphasis	0.2731707317073171	0.15	295
wavelet-LLL_glrlm_LongRunEmphasis	0.23170731707317074	0.3	309
wavelet-LLL_glrlm_LongRunHighGrayLevelEmphasis	0.2048780487804878	0.15	313
wavelet-LLL_glrlm_LongRunLowGrayLevelEmphasis	0.20853658536585365	0.15	395
wavelet-LLL_glrlm_LowGrayLevelRunEmphasis	0.16707317073170733	0.25	426
wavelet-LLL_glrlm_RunEntropy	0.26707317073170733	0.2	231
wavelet-LLL_glrlm_RunLengthNonUniformity	0.2817073170731707	0.15	145
wavelet-LLL_glrlm_RunLengthNonUniformityNormalized	0.23536585365853657	0.2	355
wavelet-LLL_glrlm_RunPercentage	0.27195121951219514	0.25	330
wavelet-LLL_glrlm_RunVariance	0.22682926829268293	0.4	293
wavelet-LLL_glrlm_ShortRunEmphasis	0.26097560975609757	0.25	336
wavelet-LLL_glrlm_ShortRunHighGrayLevelEmphasis	0.275609756097561	0.15	294
wavelet-LLL_glrlm_ShortRunLowGrayLevelEmphasis	0.22682926829268293	0.3	432
wavelet-LLL_glszm_GrayLevelNonUniformity	0.275609756097561	0.45	190
wavelet-LLL_glszm_GrayLevelNonUniformityNormalized	0.2975609756097561	0.45	231
wavelet-LLL_glszm_GrayLevelVariance	0.3231707317073171	0.15	50
wavelet-LLL_glszm_HighGrayLevelZoneEmphasis	0.28536585365853656	0.1	303
wavelet-LLL_glszm_LargeAreaEmphasis	0.2426829268292683	0.45	273
wavelet-LLL_glszm_LargeAreaHighGrayLevelEmphasis	0.2097560975609756	0.1	295
wavelet-LLL_glszm_LargeAreaLowGrayLevelEmphasis	0.26951219512195124	0.15	316
wavelet-LLL_glszm_LowGrayLevelZoneEmphasis	0.24146341463414633	0.1	435
wavelet-LLL_glszm_SizeZoneNonUniformity	0.1926829268292683	0.25	583
wavelet-LLL_glszm_SizeZoneNonUniformityNormalized	0.23536585365853657	0.3	430
wavelet-LLL_glszm_SmallAreaEmphasis	0.20121951219512196	0.35	397
wavelet-LLL_glszm_SmallAreaHighGrayLevelEmphasis	0.2451219512195122	0.15	298
wavelet-LLL_glszm_SmallAreaLowGrayLevelEmphasis	0.22073170731707317	0.1	487
wavelet-LLL_glszm_ZoneEntropy	0.3207317073170732	0.2	342
wavelet-LLL_glszm_ZonePercentage	0.24146341463414633	0.25	371
wavelet-LLL_glszm_ZoneVariance	0.2451219512195122	0.4	246
wavelet-LLL_ngtdm_Busyness	0.22682926829268293	0.2	264
wavelet-LLL_ngtdm_Coarseness	0.21707317073170732	0.2	248
wavelet-LLL_ngtdm_Complexity	0.2682926829268293	0.1	75
wavelet-LLL_ngtdm_Contrast	0.3048780487804878	0.35	96
wavelet-LLL_ngtdm_Strength	0.23170731707317074	0.2	121
